conversation_id,candor_relative_path,transcript_filename,split,label_path,membership_status,sha256
0020a0c5-1658-4747-99c1-2839e736b481,0020a0c5-1658-4747-99c1-2839e736b481,0020a0c5-1658-4747-99c1-2839e736b481.txt,test,silver_labels/test/0020a0c5-1658-4747-99c1-2839e736b481/labels.json,verified,435bb88e9c1fee7264e40cee5bc8c4dcf7e624b646f322a23896b988e763dc6e
002d68da-7738-4177-89d9-d72ae803e0e4,002d68da-7738-4177-89d9-d72ae803e0e4,002d68da-7738-4177-89d9-d72ae803e0e4.txt,test,silver_labels/test/002d68da-7738-4177-89d9-d72ae803e0e4/labels.json,verified,b3aeb3f9490597cb73c389df4a0b06d53f642fb9e9e81d75784804a24973c98d
00411458-8275-4b92-a000-d52187f03604,00411458-8275-4b92-a000-d52187f03604,00411458-8275-4b92-a000-d52187f03604.txt,test,silver_labels/test/00411458-8275-4b92-a000-d52187f03604/labels.json,verified,bd35b2c412b391a8805781e64312e252bbbe88880bbd1076a1e302f78fb76faf
00ae2f18-9599-4df6-8e3a-6936c86b97f0,00ae2f18-9599-4df6-8e3a-6936c86b97f0,00ae2f18-9599-4df6-8e3a-6936c86b97f0.txt,test,silver_labels/test/00ae2f18-9599-4df6-8e3a-6936c86b97f0/labels.json,verified,e48bdb9ac332c14da0e6c6149c177934f49af1d5e61382368ef541da260b971b
00b410f7-8b5f-4404-8433-0fb8c4be8f62,00b410f7-8b5f-4404-8433-0fb8c4be8f62,00b410f7-8b5f-4404-8433-0fb8c4be8f62.txt,test,silver_labels/test/00b410f7-8b5f-4404-8433-0fb8c4be8f62/labels.json,verified,74a67dced126978399667300a89883b423a71de0766197616ad33eee55d2f20e
010a1b2a-7b69-4245-807f-d94eb6aa165c,010a1b2a-7b69-4245-807f-d94eb6aa165c,010a1b2a-7b69-4245-807f-d94eb6aa165c.txt,test,silver_labels/test/010a1b2a-7b69-4245-807f-d94eb6aa165c/labels.json,verified,c390b6964ad94ca3b4c47a510744e00374247f5b7c2606e70788a72ba022d517
012dd705-ee62-49f6-8016-cf2e3cc066e4,012dd705-ee62-49f6-8016-cf2e3cc066e4,012dd705-ee62-49f6-8016-cf2e3cc066e4.txt,test,silver_labels/test/012dd705-ee62-49f6-8016-cf2e3cc066e4/labels.json,verified,d172ea117c2a8cd55b01b3d1ec826b50ffc850c42753edc076cce25d5c85acfa
014a3227-9b4c-4f23-ad5b-8325235301ed,014a3227-9b4c-4f23-ad5b-8325235301ed,014a3227-9b4c-4f23-ad5b-8325235301ed.txt,test,silver_labels/test/014a3227-9b4c-4f23-ad5b-8325235301ed/labels.json,verified,5570dd2ae1fdfc4b1a1ee72574613f23c1fe30ab823f67f0f8fa944d30f369b3
01849238-f5f0-487e-bca4-7b4fe0c9625c,01849238-f5f0-487e-bca4-7b4fe0c9625c,01849238-f5f0-487e-bca4-7b4fe0c9625c.txt,test,silver_labels/test/01849238-f5f0-487e-bca4-7b4fe0c9625c/labels.json,verified,4c9eae1ed004da0319f3f0f44d52fd77a9f281ccff54287580c572dcbd9df5b0
01a4c01c-cf0e-4f37-ab2b-641bb604af30,01a4c01c-cf0e-4f37-ab2b-641bb604af30,01a4c01c-cf0e-4f37-ab2b-641bb604af30.txt,test,silver_labels/test/01a4c01c-cf0e-4f37-ab2b-641bb604af30/labels.json,verified,bd739cb0eddc72e7a7c0e30961e64518b8ebbe3cc9b011bd11703aa5297d2056
01a62310-06c3-4b69-9d75-50f1e2f1dabf,01a62310-06c3-4b69-9d75-50f1e2f1dabf,01a62310-06c3-4b69-9d75-50f1e2f1dabf.txt,test,silver_labels/test/01a62310-06c3-4b69-9d75-50f1e2f1dabf/labels.json,verified,0d344b05782958daab55a5d42b5fc1a08d6b27bd20fb71d61c1186567888d491
01b9ad1a-cf5c-466b-b227-dfe3a36d1359,01b9ad1a-cf5c-466b-b227-dfe3a36d1359,01b9ad1a-cf5c-466b-b227-dfe3a36d1359.txt,test,silver_labels/test/01b9ad1a-cf5c-466b-b227-dfe3a36d1359/labels.json,verified,2a589ede44c1e73dbb9f0127a5b0625d4c83151f27aa6a0d9a023ebd1b73d0b6
01d74df6-2a6f-4c0a-b2c8-6aa4ac78ab18,01d74df6-2a6f-4c0a-b2c8-6aa4ac78ab18,01d74df6-2a6f-4c0a-b2c8-6aa4ac78ab18.txt,test,silver_labels/test/01d74df6-2a6f-4c0a-b2c8-6aa4ac78ab18/labels.json,verified,faa5d12e1354974f54561749fda221f81401ee9521c23215f9a451267f3d4626
01e64778-2ce4-482d-814c-08360b12c88a,01e64778-2ce4-482d-814c-08360b12c88a,01e64778-2ce4-482d-814c-08360b12c88a.txt,test,silver_labels/test/01e64778-2ce4-482d-814c-08360b12c88a/labels.json,verified,2a985a69c19a7211523d277fddbdeb70395dbb7b43dd020813b7756c281ba747
0203bb21-da17-416b-8e2f-018b99689616,0203bb21-da17-416b-8e2f-018b99689616,0203bb21-da17-416b-8e2f-018b99689616.txt,test,silver_labels/test/0203bb21-da17-416b-8e2f-018b99689616/labels.json,verified,3afea643baf3188a4fc3069fdaf72bd9c36dd261881fe44b7ae81d8cbad6fecc
02053f7c-a002-4797-9139-037798747eb2,02053f7c-a002-4797-9139-037798747eb2,02053f7c-a002-4797-9139-037798747eb2.txt,test,silver_labels/test/02053f7c-a002-4797-9139-037798747eb2/labels.json,verified,2a5a3e33014f8b889c94fc504eefdccfbad6dc349315bfdaf413a6ac413acfb4
0235bac2-3469-447b-adae-e39559adfa4a,0235bac2-3469-447b-adae-e39559adfa4a,0235bac2-3469-447b-adae-e39559adfa4a.txt,test,silver_labels/test/0235bac2-3469-447b-adae-e39559adfa4a/labels.json,verified,a3cae27621cdbe893904f93a341ba43ce33a3df658576f6f3d38426526f471b2
024c9be7-c98d-4a2e-b4a9-7884d0b0f626,024c9be7-c98d-4a2e-b4a9-7884d0b0f626,024c9be7-c98d-4a2e-b4a9-7884d0b0f626.txt,test,silver_labels/test/024c9be7-c98d-4a2e-b4a9-7884d0b0f626/labels.json,verified,470a82c1ff4a864c190a660ef8f2ca0af0ce9e396054d5a60b66f07840afbbf6
026c91ab-94c5-482c-aba7-42e83a79c423,026c91ab-94c5-482c-aba7-42e83a79c423,026c91ab-94c5-482c-aba7-42e83a79c423.txt,test,silver_labels/test/026c91ab-94c5-482c-aba7-42e83a79c423/labels.json,verified,6e45439f419841c0cd6d73ecc1ca0a2d3cbd1043b5efb16ed37e91621bc968d3
0278950b-a7e0-4e15-8a2b-1629ff1b17ba,0278950b-a7e0-4e15-8a2b-1629ff1b17ba,0278950b-a7e0-4e15-8a2b-1629ff1b17ba.txt,test,silver_labels/test/0278950b-a7e0-4e15-8a2b-1629ff1b17ba/labels.json,verified,f7d984b36a0efda8d391257dfbb6ee0f849068d183ad845c12b6e4a79a6762d8
02e02af3-8df5-4e65-a1b1-bb1a5ca44879,02e02af3-8df5-4e65-a1b1-bb1a5ca44879,02e02af3-8df5-4e65-a1b1-bb1a5ca44879.txt,test,silver_labels/test/02e02af3-8df5-4e65-a1b1-bb1a5ca44879/labels.json,verified,6125b0d917505060c2e11fac770bd23498b4ad4dee86af6300a8c829a9b09cea
02f3959f-e462-42c7-b92e-9ef5a991b98e,02f3959f-e462-42c7-b92e-9ef5a991b98e,02f3959f-e462-42c7-b92e-9ef5a991b98e.txt,test,silver_labels/test/02f3959f-e462-42c7-b92e-9ef5a991b98e/labels.json,verified,f5c39433c9d41809a41d6fc136e1433c5bef3a3a6593595b84b9e9c0a025a13c
030c76ab-9e19-4b78-9a7a-86cd7ba8472a,030c76ab-9e19-4b78-9a7a-86cd7ba8472a,030c76ab-9e19-4b78-9a7a-86cd7ba8472a.txt,test,silver_labels/test/030c76ab-9e19-4b78-9a7a-86cd7ba8472a/labels.json,verified,9df8589244911041ab31c5335b8d51f15ebd1633665d6ee751220df32024f8b7
03567661-8004-4986-82d5-a32582ed9a6e,03567661-8004-4986-82d5-a32582ed9a6e,03567661-8004-4986-82d5-a32582ed9a6e.txt,test,silver_labels/test/03567661-8004-4986-82d5-a32582ed9a6e/labels.json,verified,0ff2565c15fc50b9d3d2f39273a8032b112f454e4e5bae741805dea1fc405fa9
035b1a02-b973-47a0-bd65-cec240353f0c,035b1a02-b973-47a0-bd65-cec240353f0c,035b1a02-b973-47a0-bd65-cec240353f0c.txt,test,silver_labels/test/035b1a02-b973-47a0-bd65-cec240353f0c/labels.json,verified,090e15964336d98ec534e30c1ca641fc3d46d63cfda1a07c27c8f69023947ba0
047ad63e-bcb7-47c8-9e54-f53572e1ad5f,047ad63e-bcb7-47c8-9e54-f53572e1ad5f,047ad63e-bcb7-47c8-9e54-f53572e1ad5f.txt,test,silver_labels/test/047ad63e-bcb7-47c8-9e54-f53572e1ad5f/labels.json,verified,5bc06a23ce7989156d34e318bcce04869fed630a0adacb7cdc7116e1fa3c85f6
0480a711-11cc-4812-97e2-7a5fa69858fa,0480a711-11cc-4812-97e2-7a5fa69858fa,0480a711-11cc-4812-97e2-7a5fa69858fa.txt,test,silver_labels/test/0480a711-11cc-4812-97e2-7a5fa69858fa/labels.json,verified,baa2e35446764d068c7a62fe60694ea51a98c8c96cca480cdd5e1b042e5da207
0526291b-8050-4bb4-803c-ffb88cfcd3b3,0526291b-8050-4bb4-803c-ffb88cfcd3b3,0526291b-8050-4bb4-803c-ffb88cfcd3b3.txt,test,silver_labels/test/0526291b-8050-4bb4-803c-ffb88cfcd3b3/labels.json,verified,ee017c40f931809bd53c3e5ec3a525076593bc1a4888962500795cf87d3b7ebe
0542c0f0-6c1e-4e54-b3df-afa48b19f9b5,0542c0f0-6c1e-4e54-b3df-afa48b19f9b5,0542c0f0-6c1e-4e54-b3df-afa48b19f9b5.txt,test,silver_labels/test/0542c0f0-6c1e-4e54-b3df-afa48b19f9b5/labels.json,verified,ccdaf144bd690a86e9c476fdce63e84a3cbfc077c094b5630b584e8b4843bba4
05d984c2-1a2e-4bb2-8f4d-98c81fde6664,05d984c2-1a2e-4bb2-8f4d-98c81fde6664,05d984c2-1a2e-4bb2-8f4d-98c81fde6664.txt,test,silver_labels/test/05d984c2-1a2e-4bb2-8f4d-98c81fde6664/labels.json,verified,64cae641c7035ed6586bf9f4cb4dd3be400feebc63b35340fb8de3251d4afc82
05e45b17-5feb-4a07-9562-cdba59cd8f00,05e45b17-5feb-4a07-9562-cdba59cd8f00,05e45b17-5feb-4a07-9562-cdba59cd8f00.txt,test,silver_labels/test/05e45b17-5feb-4a07-9562-cdba59cd8f00/labels.json,verified,e9e889e4cb64945fe671faf177252020cdc8f0fa08ccbd932a52d41bc1a6524b
061b2400-4107-4662-99cc-3c5ec58c8f93,061b2400-4107-4662-99cc-3c5ec58c8f93,061b2400-4107-4662-99cc-3c5ec58c8f93.txt,test,silver_labels/test/061b2400-4107-4662-99cc-3c5ec58c8f93/labels.json,verified,b70bc0a574007ef7e9dd599c096af81df5d25c6325c608ee66a352bf1f70e67e
0697223a-23a7-4e7e-9917-6c8c7dc265c2,0697223a-23a7-4e7e-9917-6c8c7dc265c2,0697223a-23a7-4e7e-9917-6c8c7dc265c2.txt,test,silver_labels/test/0697223a-23a7-4e7e-9917-6c8c7dc265c2/labels.json,verified,b0076fe8378478b56d492c199c5099a9e24eacce24fe019bd13dee790dba276d
06a5a69a-362d-4947-b16d-d1d09dc075ec,06a5a69a-362d-4947-b16d-d1d09dc075ec,06a5a69a-362d-4947-b16d-d1d09dc075ec.txt,test,silver_labels/test/06a5a69a-362d-4947-b16d-d1d09dc075ec/labels.json,verified,9352ed47b56e8729afcdc5aa0ca535b6f49356bdaf57a8b0f13d92931054abfa
06afb9c1-b367-45c7-a9ff-74c47a2cb61c,06afb9c1-b367-45c7-a9ff-74c47a2cb61c,06afb9c1-b367-45c7-a9ff-74c47a2cb61c.txt,test,silver_labels/test/06afb9c1-b367-45c7-a9ff-74c47a2cb61c/labels.json,verified,a2ce9b845d707e8d903e50d3c704261dd4b55b8ad19f1fe6827b845fe7656276
07094abd-8b2a-426a-8dca-edead45c2143,07094abd-8b2a-426a-8dca-edead45c2143,07094abd-8b2a-426a-8dca-edead45c2143.txt,test,silver_labels/test/07094abd-8b2a-426a-8dca-edead45c2143/labels.json,verified,03b5d48aeac02128012ab4994fcd5ff4fb74ad77d0412760c788081f3759d13c
071cf0a9-87b3-4bd5-a6ca-f0798227e8e3,071cf0a9-87b3-4bd5-a6ca-f0798227e8e3,071cf0a9-87b3-4bd5-a6ca-f0798227e8e3.txt,test,silver_labels/test/071cf0a9-87b3-4bd5-a6ca-f0798227e8e3/labels.json,verified,5322978271b7a1725a879bed570fb4ddbb26f1f07c947579ec18f695f24b9bd3
0736fa95-99e8-4707-bd64-4552eb79d05a,0736fa95-99e8-4707-bd64-4552eb79d05a,0736fa95-99e8-4707-bd64-4552eb79d05a.txt,test,silver_labels/test/0736fa95-99e8-4707-bd64-4552eb79d05a/labels.json,verified,dc2ee52db12c495f07194e5557b837c1d7589ebd08bacbba3735fb779c83a5ae
075926c6-9b88-42d2-8d03-f5fab051bfbb,075926c6-9b88-42d2-8d03-f5fab051bfbb,075926c6-9b88-42d2-8d03-f5fab051bfbb.txt,test,silver_labels/test/075926c6-9b88-42d2-8d03-f5fab051bfbb/labels.json,verified,6292b841af19386b259b2112677df762e2e0b59622a0acf1fce89691d74ef4cd
0777bb85-b225-4fe4-b2d9-ee9bf19d3999,0777bb85-b225-4fe4-b2d9-ee9bf19d3999,0777bb85-b225-4fe4-b2d9-ee9bf19d3999.txt,test,silver_labels/test/0777bb85-b225-4fe4-b2d9-ee9bf19d3999/labels.json,verified,95beffe62c226eeadc869a9038c77976fd1f4ddf013f767a1ab59c7b25f44fc4
07b732f9-a9e0-43e9-85a4-263a6d78af0d,07b732f9-a9e0-43e9-85a4-263a6d78af0d,07b732f9-a9e0-43e9-85a4-263a6d78af0d.txt,test,silver_labels/test/07b732f9-a9e0-43e9-85a4-263a6d78af0d/labels.json,verified,77d6c26e51c2eb7ec6185921bcac0ccaadb1789aa55e33bc2b0ef5e146b397f7
08fed9d5-6213-4742-94de-64a879fdf28c,08fed9d5-6213-4742-94de-64a879fdf28c,08fed9d5-6213-4742-94de-64a879fdf28c.txt,test,silver_labels/test/08fed9d5-6213-4742-94de-64a879fdf28c/labels.json,verified,0886fca088ea41ddbabf4eac57c0299c6cdd2cb4e4925b29ae6f31c55045fea6
093aadd5-f50d-4f43-9793-faf61c11a70c,093aadd5-f50d-4f43-9793-faf61c11a70c,093aadd5-f50d-4f43-9793-faf61c11a70c.txt,test,silver_labels/test/093aadd5-f50d-4f43-9793-faf61c11a70c/labels.json,verified,08482e8b8c8cbdabf295d4f76e1caeefdee21e74dc58e437ee480e60be70accf
0a84a137-b947-441c-b94c-a03f4a5851ea,0a84a137-b947-441c-b94c-a03f4a5851ea,0a84a137-b947-441c-b94c-a03f4a5851ea.txt,test,silver_labels/test/0a84a137-b947-441c-b94c-a03f4a5851ea/labels.json,verified,a9aa3544d19441ee05403ca5cf731af3215707fe6a592fa6b3efd271d9739e9d
0af09289-1953-4e71-bee5-b34a5828fe52,0af09289-1953-4e71-bee5-b34a5828fe52,0af09289-1953-4e71-bee5-b34a5828fe52.txt,test,silver_labels/test/0af09289-1953-4e71-bee5-b34a5828fe52/labels.json,verified,52e46cf31efae5e20ce97906f8f309defb73c026d07db5b0a909909a811708d4
0aff0afe-6552-4f0d-a868-265e51c25bf2,0aff0afe-6552-4f0d-a868-265e51c25bf2,0aff0afe-6552-4f0d-a868-265e51c25bf2.txt,test,silver_labels/test/0aff0afe-6552-4f0d-a868-265e51c25bf2/labels.json,verified,f82a033735f426f478894f53b8b9e432fc5c5a24ccf156899a579f9ff2c56ea0
0b30b3be-4bc7-4b70-a484-cb00707dd282,0b30b3be-4bc7-4b70-a484-cb00707dd282,0b30b3be-4bc7-4b70-a484-cb00707dd282.txt,test,silver_labels/test/0b30b3be-4bc7-4b70-a484-cb00707dd282/labels.json,verified,189f9fbc2cce052eca0b1238186025a37d8245d51cec4b66e48e1662cddc4a43
0bfaca02-9d10-4880-8065-749c1f8891cf,0bfaca02-9d10-4880-8065-749c1f8891cf,0bfaca02-9d10-4880-8065-749c1f8891cf.txt,test,silver_labels/test/0bfaca02-9d10-4880-8065-749c1f8891cf/labels.json,verified,e6895eab8af122d601851e861692f5c75f985ebbee8fad7e16752a0a0ded0063
0c6b3a4a-7832-44ea-8830-ff727f2b803c,0c6b3a4a-7832-44ea-8830-ff727f2b803c,0c6b3a4a-7832-44ea-8830-ff727f2b803c.txt,test,silver_labels/test/0c6b3a4a-7832-44ea-8830-ff727f2b803c/labels.json,verified,a220676ef53f889259a77fa094a125e18abe58d4be6b3985e0816860c5bc719d
0cf5b16b-83b5-476d-a2d2-c696a4297f6c,0cf5b16b-83b5-476d-a2d2-c696a4297f6c,0cf5b16b-83b5-476d-a2d2-c696a4297f6c.txt,test,silver_labels/test/0cf5b16b-83b5-476d-a2d2-c696a4297f6c/labels.json,verified,263572e155be048fed9dcc710e642fdea91d77a57487a25e08876b0176105929
0cf99695-c570-4da0-85f9-02f9bc109e5b,0cf99695-c570-4da0-85f9-02f9bc109e5b,0cf99695-c570-4da0-85f9-02f9bc109e5b.txt,test,silver_labels/test/0cf99695-c570-4da0-85f9-02f9bc109e5b/labels.json,verified,2075b3e507cb0388628890c7db92f798a59704e1100632d66b9fc3c47efc195b
0cfc4a5e-dc61-4f61-8f8c-81c977e2f4dc,0cfc4a5e-dc61-4f61-8f8c-81c977e2f4dc,0cfc4a5e-dc61-4f61-8f8c-81c977e2f4dc.txt,test,silver_labels/test/0cfc4a5e-dc61-4f61-8f8c-81c977e2f4dc/labels.json,verified,6281b210a68e4a626dd158a3fc30220bf8d0c86db295bc73d724b7a2b1b1b186
0d0c3cc7-667b-483e-a2f1-7028ecbed62e,0d0c3cc7-667b-483e-a2f1-7028ecbed62e,0d0c3cc7-667b-483e-a2f1-7028ecbed62e.txt,test,silver_labels/test/0d0c3cc7-667b-483e-a2f1-7028ecbed62e/labels.json,verified,ea46242e750acc6608f408910d2f22b6496638ae8b2224c94161e27ebae8412f
0d4a795e-7026-4d98-b6d0-739a2c7c1661,0d4a795e-7026-4d98-b6d0-739a2c7c1661,0d4a795e-7026-4d98-b6d0-739a2c7c1661.txt,test,silver_labels/test/0d4a795e-7026-4d98-b6d0-739a2c7c1661/labels.json,verified,1c83be9de69c28047cfc58ff217a5c32241a1a0d5b9a8e260c2da7f258986031
0d4f91ca-dcee-47f3-8549-7bf112a2d77e,0d4f91ca-dcee-47f3-8549-7bf112a2d77e,0d4f91ca-dcee-47f3-8549-7bf112a2d77e.txt,test,silver_labels/test/0d4f91ca-dcee-47f3-8549-7bf112a2d77e/labels.json,verified,275c0e1adcc94456ea51dbbdc9afea28c44ee6941613e57c0341800dfcaeb24f
0d7fc2a3-37b2-44b8-a60a-c69d6016b65e,0d7fc2a3-37b2-44b8-a60a-c69d6016b65e,0d7fc2a3-37b2-44b8-a60a-c69d6016b65e.txt,test,silver_labels/test/0d7fc2a3-37b2-44b8-a60a-c69d6016b65e/labels.json,verified,92a096b67d761f51c999f0527646c40285da6f4d48982bbaf08757484d01c1b8
0da3e9ac-d5a5-4df0-abf4-f3eb3fc62788,0da3e9ac-d5a5-4df0-abf4-f3eb3fc62788,0da3e9ac-d5a5-4df0-abf4-f3eb3fc62788.txt,test,silver_labels/test/0da3e9ac-d5a5-4df0-abf4-f3eb3fc62788/labels.json,verified,3bc2b1e6b0ca3fb90623cbe947abb4ba066f88231209032eaa16aa7cb3917a0c
0dc1cce3-6b9c-4c8d-bcfe-32909fab0a8c,0dc1cce3-6b9c-4c8d-bcfe-32909fab0a8c,0dc1cce3-6b9c-4c8d-bcfe-32909fab0a8c.txt,test,silver_labels/test/0dc1cce3-6b9c-4c8d-bcfe-32909fab0a8c/labels.json,verified,aba7b706d2df691282d7607bd9db81256c927a692475d47f1fef3e082bd46a9b
0e27c49b-ebf3-4b9a-9b55-3d371a44dc58,0e27c49b-ebf3-4b9a-9b55-3d371a44dc58,0e27c49b-ebf3-4b9a-9b55-3d371a44dc58.txt,test,silver_labels/test/0e27c49b-ebf3-4b9a-9b55-3d371a44dc58/labels.json,verified,08c3154b70a895192c27b6539bb87e50123a895391af08e2860f723a21a9fb80
0f263deb-4828-4682-9759-86e37c84e5fa,0f263deb-4828-4682-9759-86e37c84e5fa,0f263deb-4828-4682-9759-86e37c84e5fa.txt,test,silver_labels/test/0f263deb-4828-4682-9759-86e37c84e5fa/labels.json,verified,be7249fbeeb1f0a25f90707d2a95e95ad6c4c440957bd0bf110c401a1de0659e
0f4a13e4-64ae-4a98-9698-0166e5819808,0f4a13e4-64ae-4a98-9698-0166e5819808,0f4a13e4-64ae-4a98-9698-0166e5819808.txt,test,silver_labels/test/0f4a13e4-64ae-4a98-9698-0166e5819808/labels.json,verified,225f09ad2c8e6e97b1e87baaea87cbfdb386ca0941179ce70e1cf574a304b295
0f918385-c53f-4454-9f94-5e08a4419d6d,0f918385-c53f-4454-9f94-5e08a4419d6d,0f918385-c53f-4454-9f94-5e08a4419d6d.txt,test,silver_labels/test/0f918385-c53f-4454-9f94-5e08a4419d6d/labels.json,verified,8d7fabbef671a0b7e2432afe54ce0698796e0adb5f97db88ebaa66076ce0bc07
0fd433c9-b0ef-416c-be8f-601fbf4875ce,0fd433c9-b0ef-416c-be8f-601fbf4875ce,0fd433c9-b0ef-416c-be8f-601fbf4875ce.txt,test,silver_labels/test/0fd433c9-b0ef-416c-be8f-601fbf4875ce/labels.json,verified,501067c4c8c40c80f03eddd2c555a7455dad978b50866690fe548142acf7f9ce
113c581b-c891-4735-90c4-61f1e6efdf93,113c581b-c891-4735-90c4-61f1e6efdf93,113c581b-c891-4735-90c4-61f1e6efdf93.txt,test,silver_labels/test/113c581b-c891-4735-90c4-61f1e6efdf93/labels.json,verified,84da2fbeea45ab79fd18f66b59e0544fb135eb19cc39affe097bd61490157d43
115ba192-7e26-497b-85b2-adf378b33387,115ba192-7e26-497b-85b2-adf378b33387,115ba192-7e26-497b-85b2-adf378b33387.txt,test,silver_labels/test/115ba192-7e26-497b-85b2-adf378b33387/labels.json,verified,ef211e3992b2b5c8defb161bd33544dbd0d9a9b1745612f569b19222462545a2
11cb78ed-49fb-4634-8a7a-3c59109563b5,11cb78ed-49fb-4634-8a7a-3c59109563b5,11cb78ed-49fb-4634-8a7a-3c59109563b5.txt,test,silver_labels/test/11cb78ed-49fb-4634-8a7a-3c59109563b5/labels.json,verified,9abca55f3e9684625a8205d6c2f4fb100683568a8c90f2f81dc496d14f8c6a2a
128f15b9-a6e4-4575-8b96-163ff189ee8e,128f15b9-a6e4-4575-8b96-163ff189ee8e,128f15b9-a6e4-4575-8b96-163ff189ee8e.txt,test,silver_labels/test/128f15b9-a6e4-4575-8b96-163ff189ee8e/labels.json,verified,a3c85ae9f4830ffdc2d511efb551912a201605a22ba891d152725dc23721eaf9
12a3510d-960d-4ce2-9933-f473f4ee6800,12a3510d-960d-4ce2-9933-f473f4ee6800,12a3510d-960d-4ce2-9933-f473f4ee6800.txt,test,silver_labels/test/12a3510d-960d-4ce2-9933-f473f4ee6800/labels.json,verified,e91e4a89bbc4b843906523413b6427ac3814ba1f87ea6e46aaea9e0ffd5cd2b2
12b1692d-699f-430c-81bf-8f2add0796f5,12b1692d-699f-430c-81bf-8f2add0796f5,12b1692d-699f-430c-81bf-8f2add0796f5.txt,test,silver_labels/test/12b1692d-699f-430c-81bf-8f2add0796f5/labels.json,verified,bf967163d2dda9ae2ab450c507087980467ec69e55a4724bc11cc67b4a5394b4
12b99e75-a23d-42c7-bc81-24550224e5e9,12b99e75-a23d-42c7-bc81-24550224e5e9,12b99e75-a23d-42c7-bc81-24550224e5e9.txt,test,silver_labels/test/12b99e75-a23d-42c7-bc81-24550224e5e9/labels.json,verified,a64d381fe4fd85ae52fe009e9d6b60fbea2550d0d6126c382b0bdea48d742e10
132bd17d-7109-4d08-87d3-00ae478d66b1,132bd17d-7109-4d08-87d3-00ae478d66b1,132bd17d-7109-4d08-87d3-00ae478d66b1.txt,test,silver_labels/test/132bd17d-7109-4d08-87d3-00ae478d66b1/labels.json,verified,d6b2dda66a167c36820386d1f9a446163f01293028dbb4557eaef3a2663bb4bf
13a7bb68-28c3-41e0-83b7-ec01d0eb86ce,13a7bb68-28c3-41e0-83b7-ec01d0eb86ce,13a7bb68-28c3-41e0-83b7-ec01d0eb86ce.txt,test,silver_labels/test/13a7bb68-28c3-41e0-83b7-ec01d0eb86ce/labels.json,verified,463418a4d2e06803b614dc0c00f4057e69c56cb33aa69a336a91c4c8f66d69fe
13e15556-fa63-4315-a6ee-7b2c13156d1a,13e15556-fa63-4315-a6ee-7b2c13156d1a,13e15556-fa63-4315-a6ee-7b2c13156d1a.txt,test,silver_labels/test/13e15556-fa63-4315-a6ee-7b2c13156d1a/labels.json,verified,bec8c80c241dba58c98eb3bb2b51007e3e976ed4c48f0d5233d09354556e4e1d
13f6956b-ff2a-4ad3-aed6-8fd3cfdb2cd4,13f6956b-ff2a-4ad3-aed6-8fd3cfdb2cd4,13f6956b-ff2a-4ad3-aed6-8fd3cfdb2cd4.txt,test,silver_labels/test/13f6956b-ff2a-4ad3-aed6-8fd3cfdb2cd4/labels.json,verified,190fc059ca4b4ab1e05d5826cb5c586eed1662cd04fd8016c5e60ad168c87358
141ea746-d1f1-402d-9b0a-a4cdb0b1c4f0,141ea746-d1f1-402d-9b0a-a4cdb0b1c4f0,141ea746-d1f1-402d-9b0a-a4cdb0b1c4f0.txt,test,silver_labels/test/141ea746-d1f1-402d-9b0a-a4cdb0b1c4f0/labels.json,verified,c2609a0ff583557ed72ec93072681b2a5dded324fe55f0ebb50d6bc0eda66102
14642cb6-c054-4403-9c04-ef62460950b5,14642cb6-c054-4403-9c04-ef62460950b5,14642cb6-c054-4403-9c04-ef62460950b5.txt,test,silver_labels/test/14642cb6-c054-4403-9c04-ef62460950b5/labels.json,verified,0a4fae00aadde835e0909278f2d028c7a8b21fd63bc5da0e3ecd7d1e8f809b2e
14f2a116-4fd3-4ed8-b1c9-d0195052674b,14f2a116-4fd3-4ed8-b1c9-d0195052674b,14f2a116-4fd3-4ed8-b1c9-d0195052674b.txt,test,silver_labels/test/14f2a116-4fd3-4ed8-b1c9-d0195052674b/labels.json,verified,6302c227674a2b979e4577d18f3d66258df59827daedce9d662927140d6fa88b
152e9736-6632-4049-b7d6-58b721f7a146,152e9736-6632-4049-b7d6-58b721f7a146,152e9736-6632-4049-b7d6-58b721f7a146.txt,test,silver_labels/test/152e9736-6632-4049-b7d6-58b721f7a146/labels.json,verified,fcbd06063ec360e9ee5242db6b6d07f29b8c19592ac6f9c185dd6a8b5a006a22
1550c143-9b3f-4d11-8001-0990ccd4a103,1550c143-9b3f-4d11-8001-0990ccd4a103,1550c143-9b3f-4d11-8001-0990ccd4a103.txt,test,silver_labels/test/1550c143-9b3f-4d11-8001-0990ccd4a103/labels.json,verified,4846dc422d28cd501759d513adbdb8d586274aef2dde71a45f0ff3869da2ddca
164f6283-d242-4804-96af-b01140c2a8cf,164f6283-d242-4804-96af-b01140c2a8cf,164f6283-d242-4804-96af-b01140c2a8cf.txt,test,silver_labels/test/164f6283-d242-4804-96af-b01140c2a8cf/labels.json,verified,b5851989adf42640c23516eb8d7f5b9f28c502ad803e44441a82ccbe47b57b36
1672c478-3dd7-400f-8be4-e474b1044eb8,1672c478-3dd7-400f-8be4-e474b1044eb8,1672c478-3dd7-400f-8be4-e474b1044eb8.txt,test,silver_labels/test/1672c478-3dd7-400f-8be4-e474b1044eb8/labels.json,verified,9b9af2647c14429614d1b79bc1d6e963afbd5489df15bc00ea25918f6e8157dd
167471c0-9faf-4d4d-b9c3-291e859d3dcd,167471c0-9faf-4d4d-b9c3-291e859d3dcd,167471c0-9faf-4d4d-b9c3-291e859d3dcd.txt,test,silver_labels/test/167471c0-9faf-4d4d-b9c3-291e859d3dcd/labels.json,verified,7681db8292913ae06df13ea8162fed7223923266579e3cd4ad658e0318ab30db
16f12fd9-54ee-44f0-963c-073c4b717635,16f12fd9-54ee-44f0-963c-073c4b717635,16f12fd9-54ee-44f0-963c-073c4b717635.txt,test,silver_labels/test/16f12fd9-54ee-44f0-963c-073c4b717635/labels.json,verified,5fbc4eed73364d1def26994ae0a4496a8a48feade7e9ce8f56682b68961350cd
1715e446-f495-48c9-b25b-9dbe4c34108d,1715e446-f495-48c9-b25b-9dbe4c34108d,1715e446-f495-48c9-b25b-9dbe4c34108d.txt,test,silver_labels/test/1715e446-f495-48c9-b25b-9dbe4c34108d/labels.json,verified,3f1be8f0d6e487bdbf3d1da6a2a8ab72fb86e24322991a9bedafeedc29f5f80c
17460295-99ab-499c-9c0f-8b8524018405,17460295-99ab-499c-9c0f-8b8524018405,17460295-99ab-499c-9c0f-8b8524018405.txt,test,silver_labels/test/17460295-99ab-499c-9c0f-8b8524018405/labels.json,verified,e92fbf4f91ecfb15faac2ddb3c13e6a71cab23d4d5c7e2a24893151636afd9c9
178000fe-cade-4f84-94f3-5e2aca75e454,178000fe-cade-4f84-94f3-5e2aca75e454,178000fe-cade-4f84-94f3-5e2aca75e454.txt,test,silver_labels/test/178000fe-cade-4f84-94f3-5e2aca75e454/labels.json,verified,29a6af4a5fde591f8ea663fd4635bcff76370eb6a95ea501e29fd6c3c5783f2e
17e0d586-466b-4911-903d-eae6de438b55,17e0d586-466b-4911-903d-eae6de438b55,17e0d586-466b-4911-903d-eae6de438b55.txt,test,silver_labels/test/17e0d586-466b-4911-903d-eae6de438b55/labels.json,verified,e1bf91452d0c48ab60d1b7dea1c5c4d894a39ef402f33e1ddfcfc74eb85753b2
17f79204-f746-4b86-84da-6e1fd27bf6e8,17f79204-f746-4b86-84da-6e1fd27bf6e8,17f79204-f746-4b86-84da-6e1fd27bf6e8.txt,test,silver_labels/test/17f79204-f746-4b86-84da-6e1fd27bf6e8/labels.json,verified,fc0a48f3c17660510eefbb66ff4a1fdcc6e448abb8336509605200f730c82c69
1816c0b9-9abc-4330-a66d-e5c1e3c50b95,1816c0b9-9abc-4330-a66d-e5c1e3c50b95,1816c0b9-9abc-4330-a66d-e5c1e3c50b95.txt,test,silver_labels/test/1816c0b9-9abc-4330-a66d-e5c1e3c50b95/labels.json,verified,0149f92a3ce1b65031f57cd756e35cb1255a31a953a4aa886a84840c95a763bb
188c0cbf-69bf-487a-bb75-c7b088df160b,188c0cbf-69bf-487a-bb75-c7b088df160b,188c0cbf-69bf-487a-bb75-c7b088df160b.txt,test,silver_labels/test/188c0cbf-69bf-487a-bb75-c7b088df160b/labels.json,verified,f16408a2647f66a34c18d18c9643e639c100200a40e84fb087cb1adadc2bea53
18b861c1-a592-40fa-9488-03cf10d8390f,18b861c1-a592-40fa-9488-03cf10d8390f,18b861c1-a592-40fa-9488-03cf10d8390f.txt,test,silver_labels/test/18b861c1-a592-40fa-9488-03cf10d8390f/labels.json,verified,4d372c2bdfd660e96036b2756a7bec7ed0d8a4f782b740f5575e71c214fbb355
18df217a-0c9d-4355-97ff-72ada9452e8f,18df217a-0c9d-4355-97ff-72ada9452e8f,18df217a-0c9d-4355-97ff-72ada9452e8f.txt,test,silver_labels/test/18df217a-0c9d-4355-97ff-72ada9452e8f/labels.json,verified,13429d743dd75ad59845043a2fa78a22741b6edc75d90ca9304d28dec46d811d
19378a93-9f81-49c0-8433-674ea8bfdda6,19378a93-9f81-49c0-8433-674ea8bfdda6,19378a93-9f81-49c0-8433-674ea8bfdda6.txt,test,silver_labels/test/19378a93-9f81-49c0-8433-674ea8bfdda6/labels.json,verified,58a002d46a52ecb1a64eb45130bea9053b6d0d1c3d0b57af4fdd0692085fee9d
19ebf7f7-5bbf-4a8c-a94f-1b7d2decddbf,19ebf7f7-5bbf-4a8c-a94f-1b7d2decddbf,19ebf7f7-5bbf-4a8c-a94f-1b7d2decddbf.txt,test,silver_labels/test/19ebf7f7-5bbf-4a8c-a94f-1b7d2decddbf/labels.json,verified,ef18f03f7f0c590862487122874c15584f65749a17ac72383a141fd24226e36c
19fd3ef7-6ad8-4f2f-a3aa-fd8e2a0b39cc,19fd3ef7-6ad8-4f2f-a3aa-fd8e2a0b39cc,19fd3ef7-6ad8-4f2f-a3aa-fd8e2a0b39cc.txt,test,silver_labels/test/19fd3ef7-6ad8-4f2f-a3aa-fd8e2a0b39cc/labels.json,verified,44347d9dbc9878584005645c19a4b666ea204ccb18a954bba6314489a039746b
1a4f9ccc-8bac-4733-802d-b93c2781302d,1a4f9ccc-8bac-4733-802d-b93c2781302d,1a4f9ccc-8bac-4733-802d-b93c2781302d.txt,test,silver_labels/test/1a4f9ccc-8bac-4733-802d-b93c2781302d/labels.json,verified,9b5c415f75c1b07916499c243b76b0bd61015fbd601b7a5d1b5440541fed97d5
1b11ca2c-1939-4ebc-8dfe-d40c7b606da6,1b11ca2c-1939-4ebc-8dfe-d40c7b606da6,1b11ca2c-1939-4ebc-8dfe-d40c7b606da6.txt,test,silver_labels/test/1b11ca2c-1939-4ebc-8dfe-d40c7b606da6/labels.json,verified,45e182908c4dfcd7a4edafba3c78224785b873c6e20cc77d890baf967a8552b4
1b360f15-9b2c-4ef7-a639-211b0cefb9f4,1b360f15-9b2c-4ef7-a639-211b0cefb9f4,1b360f15-9b2c-4ef7-a639-211b0cefb9f4.txt,test,silver_labels/test/1b360f15-9b2c-4ef7-a639-211b0cefb9f4/labels.json,verified,cee752d7b613de5c997479cce599b4ea390e766bfecc8a92e230c36d9006dee7
1bd0be8a-e85c-4c7e-a965-a87dd64992e7,1bd0be8a-e85c-4c7e-a965-a87dd64992e7,1bd0be8a-e85c-4c7e-a965-a87dd64992e7.txt,test,silver_labels/test/1bd0be8a-e85c-4c7e-a965-a87dd64992e7/labels.json,verified,7d4b9be486a2fe88e4bfb78f0e5e7d4bdfc477de3f5cbd35ff23ce9631c9069b
1c0af8fb-1c26-443b-b732-0f6649116972,1c0af8fb-1c26-443b-b732-0f6649116972,1c0af8fb-1c26-443b-b732-0f6649116972.txt,test,silver_labels/test/1c0af8fb-1c26-443b-b732-0f6649116972/labels.json,verified,8c8ee60fa3e4612e798daccf5adccbda3b53027a6d54f6c58456078b53007cc6
1c82d05c-19ce-4d2a-83db-a54021c9196d,1c82d05c-19ce-4d2a-83db-a54021c9196d,1c82d05c-19ce-4d2a-83db-a54021c9196d.txt,test,silver_labels/test/1c82d05c-19ce-4d2a-83db-a54021c9196d/labels.json,verified,e10e21e7c7b52cc74eade4af69f61915dbf10a8c801bd203021cff6356f75dbf
1d258491-0ed5-41c8-96c3-af875ef4f1c5,1d258491-0ed5-41c8-96c3-af875ef4f1c5,1d258491-0ed5-41c8-96c3-af875ef4f1c5.txt,test,silver_labels/test/1d258491-0ed5-41c8-96c3-af875ef4f1c5/labels.json,verified,13097f6bb3b809cd82a87516b32ddef1d5b35c5f10f9d646db7db41b155b95a9
1d28deaa-e598-4cc5-9494-77c5cc82a155,1d28deaa-e598-4cc5-9494-77c5cc82a155,1d28deaa-e598-4cc5-9494-77c5cc82a155.txt,test,silver_labels/test/1d28deaa-e598-4cc5-9494-77c5cc82a155/labels.json,verified,865ff31cfabbf65900182783c1a0990845d242f7c7b8fa55e9971e8dc6a87347
1d8d3279-e796-4d53-ba7f-3e633e7f8452,1d8d3279-e796-4d53-ba7f-3e633e7f8452,1d8d3279-e796-4d53-ba7f-3e633e7f8452.txt,test,silver_labels/test/1d8d3279-e796-4d53-ba7f-3e633e7f8452/labels.json,verified,694f02a5b1e8602080f1b4ef36e07686c48d8b1d3c90adbbdb3ac7c5c0af7644
1db0a83b-76d3-48f4-b0cd-13d559c67e61,1db0a83b-76d3-48f4-b0cd-13d559c67e61,1db0a83b-76d3-48f4-b0cd-13d559c67e61.txt,test,silver_labels/test/1db0a83b-76d3-48f4-b0cd-13d559c67e61/labels.json,verified,9f9e6f0473a50c38b9a0268385f0efb67b0dc5453d7632516feb38c333496d93
1dd0b2ad-3bd9-4159-9d3e-e617850002d8,1dd0b2ad-3bd9-4159-9d3e-e617850002d8,1dd0b2ad-3bd9-4159-9d3e-e617850002d8.txt,test,silver_labels/test/1dd0b2ad-3bd9-4159-9d3e-e617850002d8/labels.json,verified,e00f361d3787827896cd5205447d070f5b5bc0c7872085818b6657b4bdaaf04f
1de1781f-ae79-4467-9724-f0808b7f55d7,1de1781f-ae79-4467-9724-f0808b7f55d7,1de1781f-ae79-4467-9724-f0808b7f55d7.txt,test,silver_labels/test/1de1781f-ae79-4467-9724-f0808b7f55d7/labels.json,verified,7f2bb8f9ba40c2532c575c2b333b7c14aec7c0684ecb67c60c3fe442c7a95d97
1e14a9f0-d173-4ba5-b9a4-7e0da15d704d,1e14a9f0-d173-4ba5-b9a4-7e0da15d704d,1e14a9f0-d173-4ba5-b9a4-7e0da15d704d.txt,test,silver_labels/test/1e14a9f0-d173-4ba5-b9a4-7e0da15d704d/labels.json,verified,415ac320d1ddaff507ce9f8eeabde6e5a010761a59fec70d7ea7151144471781
1e19df3e-4637-4eeb-8719-715b1f80b36a,1e19df3e-4637-4eeb-8719-715b1f80b36a,1e19df3e-4637-4eeb-8719-715b1f80b36a.txt,test,silver_labels/test/1e19df3e-4637-4eeb-8719-715b1f80b36a/labels.json,verified,e28ad5ec2dd29a780befdddb4b25cc602b75e22f4501c0f808a6ff1e41e7779b
1e339eff-9480-432d-99ec-700d4329026f,1e339eff-9480-432d-99ec-700d4329026f,1e339eff-9480-432d-99ec-700d4329026f.txt,test,silver_labels/test/1e339eff-9480-432d-99ec-700d4329026f/labels.json,verified,a115c14d775013a301dfe6e9becb9a0c75d16848224c591d3b84d76812d089f2
1e3c22d6-422c-4921-8892-e31e09f9a2f6,1e3c22d6-422c-4921-8892-e31e09f9a2f6,1e3c22d6-422c-4921-8892-e31e09f9a2f6.txt,test,silver_labels/test/1e3c22d6-422c-4921-8892-e31e09f9a2f6/labels.json,verified,8f97fc727630b445522c0827d8d12cfab9942d1922e4fbcf9c295aa7d337a4da
1e8868f5-b771-402a-b5b2-ba76b9272f2e,1e8868f5-b771-402a-b5b2-ba76b9272f2e,1e8868f5-b771-402a-b5b2-ba76b9272f2e.txt,test,silver_labels/test/1e8868f5-b771-402a-b5b2-ba76b9272f2e/labels.json,verified,e6e1afcbc209984cff1b0caa30586ab915eae2e56a34e86a8fc34602358cb536
1ec76fe8-2893-4a25-878c-d37b8e949dc7,1ec76fe8-2893-4a25-878c-d37b8e949dc7,1ec76fe8-2893-4a25-878c-d37b8e949dc7.txt,test,silver_labels/test/1ec76fe8-2893-4a25-878c-d37b8e949dc7/labels.json,verified,399f3f22cb0a3d2c9d812f8f69734086f549782c071227d0fde23d854d93c076
1ef4512c-1ae0-4edc-bf53-7b966c2c5a5c,1ef4512c-1ae0-4edc-bf53-7b966c2c5a5c,1ef4512c-1ae0-4edc-bf53-7b966c2c5a5c.txt,test,silver_labels/test/1ef4512c-1ae0-4edc-bf53-7b966c2c5a5c/labels.json,verified,793b9e736ac563d4b622101e919b8d8f22baca961d98f171880f2d1aa916d673
1f27e83c-e6e2-45de-9200-fbbf0541b2c1,1f27e83c-e6e2-45de-9200-fbbf0541b2c1,1f27e83c-e6e2-45de-9200-fbbf0541b2c1.txt,test,silver_labels/test/1f27e83c-e6e2-45de-9200-fbbf0541b2c1/labels.json,verified,403597dfd1cca10714c71c5cb7f6c74a91bd5706670ad0cf33d01038671751dd
1f3847bc-5d44-41b5-bd4a-72f200e5f078,1f3847bc-5d44-41b5-bd4a-72f200e5f078,1f3847bc-5d44-41b5-bd4a-72f200e5f078.txt,test,silver_labels/test/1f3847bc-5d44-41b5-bd4a-72f200e5f078/labels.json,verified,54dbabbf27a24c9d349b15ffce51ac370529e8060d4d7a8c008a9a0a2e7bef89
1f44e120-3ee1-46dc-9288-0f1b1d03cdbf,1f44e120-3ee1-46dc-9288-0f1b1d03cdbf,1f44e120-3ee1-46dc-9288-0f1b1d03cdbf.txt,test,silver_labels/test/1f44e120-3ee1-46dc-9288-0f1b1d03cdbf/labels.json,verified,351fdc052fff86c503439fc58a718c339a3c7b7563cb5d6f64e26fac6986884a
1f8de023-817f-4a7b-aefd-bcb1184a1d9a,1f8de023-817f-4a7b-aefd-bcb1184a1d9a,1f8de023-817f-4a7b-aefd-bcb1184a1d9a.txt,test,silver_labels/test/1f8de023-817f-4a7b-aefd-bcb1184a1d9a/labels.json,verified,107c33d088b466b4b24d9402456fcf11a6e88e27ecfcd2c4b5eb6037468739b0
1fe173fa-edad-4bbc-bac9-4730d7b4d8c2,1fe173fa-edad-4bbc-bac9-4730d7b4d8c2,1fe173fa-edad-4bbc-bac9-4730d7b4d8c2.txt,test,silver_labels/test/1fe173fa-edad-4bbc-bac9-4730d7b4d8c2/labels.json,verified,643fc9207440cfbf651bfc00212a84234dec9da7d8fe96ab1fba69b5399e037b
2000c98c-93c2-450e-bc2b-bf7b0ab92ceb,2000c98c-93c2-450e-bc2b-bf7b0ab92ceb,2000c98c-93c2-450e-bc2b-bf7b0ab92ceb.txt,test,silver_labels/test/2000c98c-93c2-450e-bc2b-bf7b0ab92ceb/labels.json,verified,b2d54da15da2e8ad2be4414d64abf0f7f44c6733acb2bf0f6c1744bc9aaa9ced
202d99fa-91ea-4893-a15f-365039e198b6,202d99fa-91ea-4893-a15f-365039e198b6,202d99fa-91ea-4893-a15f-365039e198b6.txt,test,silver_labels/test/202d99fa-91ea-4893-a15f-365039e198b6/labels.json,verified,44e1699b7cc7bb24e7d9abf9fa2a7a44f476abc3c03fbe0d367c6e1a2272884d
202efa06-7621-4347-b945-d46e21fa3150,202efa06-7621-4347-b945-d46e21fa3150,202efa06-7621-4347-b945-d46e21fa3150.txt,test,silver_labels/test/202efa06-7621-4347-b945-d46e21fa3150/labels.json,verified,fc56105d225f829d4251d82788aacd56702d6485c91b9a6b111b8b81f8539168
208d0dd5-458e-4530-9a8f-ddd6b05bffca,208d0dd5-458e-4530-9a8f-ddd6b05bffca,208d0dd5-458e-4530-9a8f-ddd6b05bffca.txt,test,silver_labels/test/208d0dd5-458e-4530-9a8f-ddd6b05bffca/labels.json,verified,19bf46f50010d6ba0cb5ac2fb6a0aa266ed3014c1d4c3e0cd13cd47ddd03b539
20c21d82-037a-4faf-a439-e8be15daf201,20c21d82-037a-4faf-a439-e8be15daf201,20c21d82-037a-4faf-a439-e8be15daf201.txt,test,silver_labels/test/20c21d82-037a-4faf-a439-e8be15daf201/labels.json,verified,3c344050d522389219b6c731f974268f5576c6a78971be4aabc5c0fcedb9b983
2174f1c1-9ab7-454b-ba48-a1ff70784398,2174f1c1-9ab7-454b-ba48-a1ff70784398,2174f1c1-9ab7-454b-ba48-a1ff70784398.txt,test,silver_labels/test/2174f1c1-9ab7-454b-ba48-a1ff70784398/labels.json,verified,6499c150bce67586fb3cea445e5cce02aecede146e3aa90f4523fa8870aa6fd4
218f2c21-b626-44e1-a0d7-ef9d3646a0a8,218f2c21-b626-44e1-a0d7-ef9d3646a0a8,218f2c21-b626-44e1-a0d7-ef9d3646a0a8.txt,test,silver_labels/test/218f2c21-b626-44e1-a0d7-ef9d3646a0a8/labels.json,verified,c7e60e98b4f0c8711e9b970265398201bd0aa9d679d4a32066ca61eafcb7033b
219f3a85-89a1-4611-8d80-61f63910ec13,219f3a85-89a1-4611-8d80-61f63910ec13,219f3a85-89a1-4611-8d80-61f63910ec13.txt,test,silver_labels/test/219f3a85-89a1-4611-8d80-61f63910ec13/labels.json,verified,ef118c2129ca14ee4d748a729c999f8867c2584bea3ee7318e2138a8db10ec69
21b8dec1-fa9c-4603-993b-86e2130529ec,21b8dec1-fa9c-4603-993b-86e2130529ec,21b8dec1-fa9c-4603-993b-86e2130529ec.txt,test,silver_labels/test/21b8dec1-fa9c-4603-993b-86e2130529ec/labels.json,verified,d9f44bcfbfd1c94e7c5c71d21e6117796e718b7ad9ef0c8cb602fd5a67deccb4
22579311-0848-472a-a1b7-9b663fbb4aab,22579311-0848-472a-a1b7-9b663fbb4aab,22579311-0848-472a-a1b7-9b663fbb4aab.txt,test,silver_labels/test/22579311-0848-472a-a1b7-9b663fbb4aab/labels.json,verified,5565ef5087d4bf7b6c8c1f6d037aa175d4f6556ecd2955af8279da7c622a43c7
2267d6bb-4542-4dff-872a-5593771a2d24,2267d6bb-4542-4dff-872a-5593771a2d24,2267d6bb-4542-4dff-872a-5593771a2d24.txt,test,silver_labels/test/2267d6bb-4542-4dff-872a-5593771a2d24/labels.json,verified,3329feaa764517058276a6d4ad721c7b865c18a8f4a1e3b249dc99ab1b394ba8
22938143-89e2-445c-b3cc-d3503abeda83,22938143-89e2-445c-b3cc-d3503abeda83,22938143-89e2-445c-b3cc-d3503abeda83.txt,test,silver_labels/test/22938143-89e2-445c-b3cc-d3503abeda83/labels.json,verified,e1cc0936f7df8e39ccfaa17dce8d0607541679da858c8f7b9b28c72955b172e0
22a2c682-eb92-4e85-b570-7418de44ad58,22a2c682-eb92-4e85-b570-7418de44ad58,22a2c682-eb92-4e85-b570-7418de44ad58.txt,test,silver_labels/test/22a2c682-eb92-4e85-b570-7418de44ad58/labels.json,verified,d3863c3009f1e3415e0adde52c8ff33f97d60de590fe5ecadc6e0b0f4f776254
230a227f-e1e3-46ef-8817-37912ba9f87a,230a227f-e1e3-46ef-8817-37912ba9f87a,230a227f-e1e3-46ef-8817-37912ba9f87a.txt,test,silver_labels/test/230a227f-e1e3-46ef-8817-37912ba9f87a/labels.json,verified,c7bfa4cf2b5ed72296f1dddb49a2fab9d3021d8d236ecfc4257ec9770e1876f9
231d78a6-e5bc-47da-bad1-67988b9c7dad,231d78a6-e5bc-47da-bad1-67988b9c7dad,231d78a6-e5bc-47da-bad1-67988b9c7dad.txt,test,silver_labels/test/231d78a6-e5bc-47da-bad1-67988b9c7dad/labels.json,verified,61cc3e0bb745b287f3358151628c4df6a28fce2d4180217f7cf2e0a1c8bdef57
235004a8-6643-4be4-b09d-e19a6a2662f6,235004a8-6643-4be4-b09d-e19a6a2662f6,235004a8-6643-4be4-b09d-e19a6a2662f6.txt,test,silver_labels/test/235004a8-6643-4be4-b09d-e19a6a2662f6/labels.json,verified,4a06dd4c7d705c421a5d36d9171e607118c20f6100369bec3981aefaf3f8afb1
235f7b67-2ee7-4195-add8-21b41ad61f74,235f7b67-2ee7-4195-add8-21b41ad61f74,235f7b67-2ee7-4195-add8-21b41ad61f74.txt,test,silver_labels/test/235f7b67-2ee7-4195-add8-21b41ad61f74/labels.json,verified,1356e73f871b2006b4b328ebbf9491d23872482d3478d6ad0226bffeff25a85a
236e11f2-3508-4863-85ca-34048de3ce3c,236e11f2-3508-4863-85ca-34048de3ce3c,236e11f2-3508-4863-85ca-34048de3ce3c.txt,test,silver_labels/test/236e11f2-3508-4863-85ca-34048de3ce3c/labels.json,verified,60d6d3ea447764ee3835a60b8566c6212da59148bcd0e13fa6ef80b61b061012
238cbb3c-2f67-4bea-8a33-f090596a0ec9,238cbb3c-2f67-4bea-8a33-f090596a0ec9,238cbb3c-2f67-4bea-8a33-f090596a0ec9.txt,test,silver_labels/test/238cbb3c-2f67-4bea-8a33-f090596a0ec9/labels.json,verified,aa49bf9ded79ea8c45d26426c4de8ec66683d69e21270f06bb407b6c2d452277
23a1437e-4761-42c9-8bbd-48cdf86c09ff,23a1437e-4761-42c9-8bbd-48cdf86c09ff,23a1437e-4761-42c9-8bbd-48cdf86c09ff.txt,test,silver_labels/test/23a1437e-4761-42c9-8bbd-48cdf86c09ff/labels.json,verified,b99a54b7941fce5169904518457a4b4040aa7406e8110128b4a50742e02a17a4
23d4ec0e-9357-400e-ba97-386dcd264a9d,23d4ec0e-9357-400e-ba97-386dcd264a9d,23d4ec0e-9357-400e-ba97-386dcd264a9d.txt,test,silver_labels/test/23d4ec0e-9357-400e-ba97-386dcd264a9d/labels.json,verified,04e968df9783fa90507317ed3aa9c849256d0f285681fd4f0a9f0e51da468896
243349a8-ddca-43f5-bfa7-3ece849fc8e5,243349a8-ddca-43f5-bfa7-3ece849fc8e5,243349a8-ddca-43f5-bfa7-3ece849fc8e5.txt,test,silver_labels/test/243349a8-ddca-43f5-bfa7-3ece849fc8e5/labels.json,verified,8f210fdc2fc0dfcea01ccc44f51e551975145b6c64f358123464d2417d58c543
24562220-f4ce-4d8a-8862-e2d33769083e,24562220-f4ce-4d8a-8862-e2d33769083e,24562220-f4ce-4d8a-8862-e2d33769083e.txt,test,silver_labels/test/24562220-f4ce-4d8a-8862-e2d33769083e/labels.json,verified,c750b214bd1aeae3a33950402b8d527b7956a94ad9fe1356d2aa640e27ebb72a
7c289d19-4fe7-4657-8ada-7b452642602c,7c289d19-4fe7-4657-8ada-7b452642602c,7c289d19-4fe7-4657-8ada-7b452642602c.txt,test,silver_labels/test/7c289d19-4fe7-4657-8ada-7b452642602c/labels.json,verified,1ae15027a344ed5d4b5c4152a6fe91bd2c3b92905a21f985c56e0989064188f0
00deb2e5-cf7f-4a5c-a8db-7fc335634ad6,00deb2e5-cf7f-4a5c-a8db-7fc335634ad6,00deb2e5-cf7f-4a5c-a8db-7fc335634ad6.txt,pending,silver_labels/pending_assignment/00deb2e5-cf7f-4a5c-a8db-7fc335634ad6/labels.json,pending,3cc5736d22e264dfa35f26ae99a0287ad357966a5e6ba11adf8620a60e2f3037
015301b4-a132-4877-8bec-557e9b99a01c,015301b4-a132-4877-8bec-557e9b99a01c,015301b4-a132-4877-8bec-557e9b99a01c.txt,pending,silver_labels/pending_assignment/015301b4-a132-4877-8bec-557e9b99a01c/labels.json,pending,1076486ba467d317fb13096bccdbe361dea84f9eea2f36eb45dd6262b8293b96
0159f2d4-f6db-46f8-b7c6-96a3df97b246,0159f2d4-f6db-46f8-b7c6-96a3df97b246,0159f2d4-f6db-46f8-b7c6-96a3df97b246.txt,pending,silver_labels/pending_assignment/0159f2d4-f6db-46f8-b7c6-96a3df97b246/labels.json,pending,5af5abc99900c00ba0372bd5c052361663c9c53b320047abcf93fae15c404f50
021cae92-8043-4ef1-b115-47b539bad870,021cae92-8043-4ef1-b115-47b539bad870,021cae92-8043-4ef1-b115-47b539bad870.txt,pending,silver_labels/pending_assignment/021cae92-8043-4ef1-b115-47b539bad870/labels.json,pending,18ef25bcf834b5ba06eafd19416ea090bc0befe017191c2a8e3bcc4976e4fb2c
03d82c5a-c923-47de-90f8-621776ff6cbc,03d82c5a-c923-47de-90f8-621776ff6cbc,03d82c5a-c923-47de-90f8-621776ff6cbc.txt,pending,silver_labels/pending_assignment/03d82c5a-c923-47de-90f8-621776ff6cbc/labels.json,pending,9675a326ddeb538d19d9944b6c72c4dd4d481d954150edafea0532ce6f07f3ad
0441a81c-70d4-4caf-83fb-84349edadc0a,0441a81c-70d4-4caf-83fb-84349edadc0a,0441a81c-70d4-4caf-83fb-84349edadc0a.txt,pending,silver_labels/pending_assignment/0441a81c-70d4-4caf-83fb-84349edadc0a/labels.json,pending,6d0e9213f1a1c5517c17900b64292ab046708397f21240ea660cc9c3dabb9c77
04542d1a-168a-4f90-b7e3-33adb675525f,04542d1a-168a-4f90-b7e3-33adb675525f,04542d1a-168a-4f90-b7e3-33adb675525f.txt,pending,silver_labels/pending_assignment/04542d1a-168a-4f90-b7e3-33adb675525f/labels.json,pending,9187890c8aae2dd7f5a939f0e36160c9b3a177c80f9d09055bc1620656524ded
05aa5dd6-77ee-454e-ad3d-1e34b0d0b62b,05aa5dd6-77ee-454e-ad3d-1e34b0d0b62b,05aa5dd6-77ee-454e-ad3d-1e34b0d0b62b.txt,pending,silver_labels/pending_assignment/05aa5dd6-77ee-454e-ad3d-1e34b0d0b62b/labels.json,pending,810a8b59084c8f43411cc43b5d5b6fb105903148bba234810723ba638f1726d9
05c47f39-5d68-45d3-a760-45359a9e775b,05c47f39-5d68-45d3-a760-45359a9e775b,05c47f39-5d68-45d3-a760-45359a9e775b.txt,pending,silver_labels/pending_assignment/05c47f39-5d68-45d3-a760-45359a9e775b/labels.json,pending,72ad9b5665043f69a066b545cb190f99528b4a0e2146630b33caeb47da82b589
05f15eb5-1fe9-4407-8006-bbec9814c2a4,05f15eb5-1fe9-4407-8006-bbec9814c2a4,05f15eb5-1fe9-4407-8006-bbec9814c2a4.txt,pending,silver_labels/pending_assignment/05f15eb5-1fe9-4407-8006-bbec9814c2a4/labels.json,pending,a3a6ba46b56b02339b1132fa3a9384fb1c4fba09298306345b293d3ba42211f6
05f2e66d-b3b6-4bdc-8ae6-9b0241a58642,05f2e66d-b3b6-4bdc-8ae6-9b0241a58642,05f2e66d-b3b6-4bdc-8ae6-9b0241a58642.txt,pending,silver_labels/pending_assignment/05f2e66d-b3b6-4bdc-8ae6-9b0241a58642/labels.json,pending,e7e029dd221cf8a1e435d73303c00ae698c9574099cf63e36d4c47fdb0eb456a
06b83c0a-7bf1-4cf9-9e72-034615d97050,06b83c0a-7bf1-4cf9-9e72-034615d97050,06b83c0a-7bf1-4cf9-9e72-034615d97050.txt,pending,silver_labels/pending_assignment/06b83c0a-7bf1-4cf9-9e72-034615d97050/labels.json,pending,63cf0e2163c03490792c1ae8e740de49fbc84676aca69bfb072a59b03a440d21
06d767f9-e1f9-4677-8fe6-40ca4b91e1ee,06d767f9-e1f9-4677-8fe6-40ca4b91e1ee,06d767f9-e1f9-4677-8fe6-40ca4b91e1ee.txt,pending,silver_labels/pending_assignment/06d767f9-e1f9-4677-8fe6-40ca4b91e1ee/labels.json,pending,68654cf6897dd96898074cecd92c327cdc3fa44a6ff44d4c3b0220cf212e7a63
070845c2-dc10-4db8-b889-7a5704d31265,070845c2-dc10-4db8-b889-7a5704d31265,070845c2-dc10-4db8-b889-7a5704d31265.txt,pending,silver_labels/pending_assignment/070845c2-dc10-4db8-b889-7a5704d31265/labels.json,pending,1abaeb43a7ba456b353290f1b57b979ae0b0f94bd930ade8228f96cc226f4547
07c818b1-0fe0-4c8c-972b-184da443fa5e,07c818b1-0fe0-4c8c-972b-184da443fa5e,07c818b1-0fe0-4c8c-972b-184da443fa5e.txt,pending,silver_labels/pending_assignment/07c818b1-0fe0-4c8c-972b-184da443fa5e/labels.json,pending,47f95d2ed8ed5ad832ce17c9200d34b930c1454ea2dd2ff31073c0e5abaa9fb9
07dcb0b8-bb2b-427e-b0d0-29e03550c560,07dcb0b8-bb2b-427e-b0d0-29e03550c560,07dcb0b8-bb2b-427e-b0d0-29e03550c560.txt,pending,silver_labels/pending_assignment/07dcb0b8-bb2b-427e-b0d0-29e03550c560/labels.json,pending,d43fd3b75138168db99e7ff15fddd8979e48fa5908206f3620df85c29d9067e5
08faa0ab-2bfc-45f2-8286-715209b26de2,08faa0ab-2bfc-45f2-8286-715209b26de2,08faa0ab-2bfc-45f2-8286-715209b26de2.txt,pending,silver_labels/pending_assignment/08faa0ab-2bfc-45f2-8286-715209b26de2/labels.json,pending,7c26066dfd481377ca43c71374db14e823a4662928449b1340c10ab0b1b9d564
0a0cf5b9-84f6-4d8d-8001-ec7fd4b7437a,0a0cf5b9-84f6-4d8d-8001-ec7fd4b7437a,0a0cf5b9-84f6-4d8d-8001-ec7fd4b7437a.txt,pending,silver_labels/pending_assignment/0a0cf5b9-84f6-4d8d-8001-ec7fd4b7437a/labels.json,pending,006ae6be27577f5cf9626fa7017c50b81ec76d67da954cf7007102ceb4cfc35b
0a294776-ca94-4114-bc24-2bf3b0a0a813,0a294776-ca94-4114-bc24-2bf3b0a0a813,0a294776-ca94-4114-bc24-2bf3b0a0a813.txt,pending,silver_labels/pending_assignment/0a294776-ca94-4114-bc24-2bf3b0a0a813/labels.json,pending,f7306cb0879e25299c9f2401bf45f57b5947727874195759d2063c6620475ad1
0a6ce575-4650-4942-97c6-f220de641a0c,0a6ce575-4650-4942-97c6-f220de641a0c,0a6ce575-4650-4942-97c6-f220de641a0c.txt,pending,silver_labels/pending_assignment/0a6ce575-4650-4942-97c6-f220de641a0c/labels.json,pending,f2ac5bae42cd506da1b720f0d586a5e5ac6344d97d0eab47960641514c5ef3f0
0b019c01-a6b7-4753-afa3-f7bf964932c9,0b019c01-a6b7-4753-afa3-f7bf964932c9,0b019c01-a6b7-4753-afa3-f7bf964932c9.txt,pending,silver_labels/pending_assignment/0b019c01-a6b7-4753-afa3-f7bf964932c9/labels.json,pending,b5be1c13d38ce82704a7c54c458f94d1c39c79dab88a3d0af7c046927e569b05
0baae204-e051-464a-982d-70df8b90608b,0baae204-e051-464a-982d-70df8b90608b,0baae204-e051-464a-982d-70df8b90608b.txt,pending,silver_labels/pending_assignment/0baae204-e051-464a-982d-70df8b90608b/labels.json,pending,1cc15af697bc2aa6b5639bde01ff8830a53bbd07f43f0a0f9b4b10e5463c07d4
0bd4dd2c-1cf0-46fb-87d3-a88b1de310a6,0bd4dd2c-1cf0-46fb-87d3-a88b1de310a6,0bd4dd2c-1cf0-46fb-87d3-a88b1de310a6.txt,pending,silver_labels/pending_assignment/0bd4dd2c-1cf0-46fb-87d3-a88b1de310a6/labels.json,pending,94c2082e0e044ef805de8dc0ee4e27f7c89ffbc3a0ada3a60d2c521c484392d0
0beee373-bc7a-44e2-929f-e3419d82835e,0beee373-bc7a-44e2-929f-e3419d82835e,0beee373-bc7a-44e2-929f-e3419d82835e.txt,pending,silver_labels/pending_assignment/0beee373-bc7a-44e2-929f-e3419d82835e/labels.json,pending,b64cdcb22fa9d542853465ea6801b684a53d74f547e0a30d6042f7ac6fd3547b
0bfe2cba-bf84-4a8b-887d-f19378aa07d8,0bfe2cba-bf84-4a8b-887d-f19378aa07d8,0bfe2cba-bf84-4a8b-887d-f19378aa07d8.txt,pending,silver_labels/pending_assignment/0bfe2cba-bf84-4a8b-887d-f19378aa07d8/labels.json,pending,f6c4df16398f8ae9be6bb59005216e0d6bd76b4912ff1d34325810f49b1303a6
0c9e034f-2fdc-4ba8-b104-1fe709f786f5,0c9e034f-2fdc-4ba8-b104-1fe709f786f5,0c9e034f-2fdc-4ba8-b104-1fe709f786f5.txt,pending,silver_labels/pending_assignment/0c9e034f-2fdc-4ba8-b104-1fe709f786f5/labels.json,pending,ed459f93ca5117eaf590cfa225fd7da9fefae5098b74539f21d17a282576f580
0d0b2f79-3370-4a86-9a21-a723847ff204,0d0b2f79-3370-4a86-9a21-a723847ff204,0d0b2f79-3370-4a86-9a21-a723847ff204.txt,pending,silver_labels/pending_assignment/0d0b2f79-3370-4a86-9a21-a723847ff204/labels.json,pending,bbd3a16104668ec6cdd8a0a333bd4e5b20dadcb4520c05478a9618d0a0c72c40
0dd022be-f343-4afb-b170-0dc8003078c7,0dd022be-f343-4afb-b170-0dc8003078c7,0dd022be-f343-4afb-b170-0dc8003078c7.txt,pending,silver_labels/pending_assignment/0dd022be-f343-4afb-b170-0dc8003078c7/labels.json,pending,e16a441eee8c10505ab003c9c1b63bde53c557a474f25eec01c1dabdd5fec57a
0e772ef8-9014-48a8-8eb9-762ef55b4fe9,0e772ef8-9014-48a8-8eb9-762ef55b4fe9,0e772ef8-9014-48a8-8eb9-762ef55b4fe9.txt,pending,silver_labels/pending_assignment/0e772ef8-9014-48a8-8eb9-762ef55b4fe9/labels.json,pending,6d1bdc01dad3bb786fc21e195b08e59c5b3bde7905c9ee2f4d6d2d4a51a6c3fb
0e8d198c-fe6c-400c-a88b-5a3ead8567bc,0e8d198c-fe6c-400c-a88b-5a3ead8567bc,0e8d198c-fe6c-400c-a88b-5a3ead8567bc.txt,pending,silver_labels/pending_assignment/0e8d198c-fe6c-400c-a88b-5a3ead8567bc/labels.json,pending,220f11809b552371ee9f46aa14e2f8045ae6f9e905455c404f11dc35fd8ac72f
0e9c68be-efc0-40cf-8a9e-06f818063cb9,0e9c68be-efc0-40cf-8a9e-06f818063cb9,0e9c68be-efc0-40cf-8a9e-06f818063cb9.txt,pending,silver_labels/pending_assignment/0e9c68be-efc0-40cf-8a9e-06f818063cb9/labels.json,pending,c40a626ba1809c8bf46496a81f534691b1af656e778c351a3fc4718abd572349
0f6c2eb4-5e44-46c7-8ea5-ddb74702beee,0f6c2eb4-5e44-46c7-8ea5-ddb74702beee,0f6c2eb4-5e44-46c7-8ea5-ddb74702beee.txt,pending,silver_labels/pending_assignment/0f6c2eb4-5e44-46c7-8ea5-ddb74702beee/labels.json,pending,6c6c752a63eee3fc4aaed5aca91c5d286b4568d6f4e39e4c2753f0b575df908a
100af445-702a-4fbd-8474-ec3d17e9490e,100af445-702a-4fbd-8474-ec3d17e9490e,100af445-702a-4fbd-8474-ec3d17e9490e.txt,pending,silver_labels/pending_assignment/100af445-702a-4fbd-8474-ec3d17e9490e/labels.json,pending,960102fbc22b2a8af0610a1b5e4df7dc642b56cc15c546e1686911a28dc9ed66
1049c59b-7332-457b-8e5f-0ef9d0792719,1049c59b-7332-457b-8e5f-0ef9d0792719,1049c59b-7332-457b-8e5f-0ef9d0792719.txt,pending,silver_labels/pending_assignment/1049c59b-7332-457b-8e5f-0ef9d0792719/labels.json,pending,49d4270127f4c88d27056b8ce5329ea1b561c9fcfcc4a23ae724a015e666f5bf
1051ef33-9361-41e2-89d9-46d4eb851508,1051ef33-9361-41e2-89d9-46d4eb851508,1051ef33-9361-41e2-89d9-46d4eb851508.txt,pending,silver_labels/pending_assignment/1051ef33-9361-41e2-89d9-46d4eb851508/labels.json,pending,d5183ca92a682beffcacd87edef5e64b2175f91adc101e54c3c1269bcc5f21e4
10d941d9-76ab-4d06-b9e0-35ddedb28ac8,10d941d9-76ab-4d06-b9e0-35ddedb28ac8,10d941d9-76ab-4d06-b9e0-35ddedb28ac8.txt,pending,silver_labels/pending_assignment/10d941d9-76ab-4d06-b9e0-35ddedb28ac8/labels.json,pending,1acd5846cc2650127fd19c125ac8708c4a2caadc4b7c3644293a6f9c951d55ff
11303b4f-a7fe-4c9a-80cd-4191e3c2b930,11303b4f-a7fe-4c9a-80cd-4191e3c2b930,11303b4f-a7fe-4c9a-80cd-4191e3c2b930.txt,pending,silver_labels/pending_assignment/11303b4f-a7fe-4c9a-80cd-4191e3c2b930/labels.json,pending,2f2c882e0661be7e3cc32df7d2106183c7d25b3df337b5e3b07a3a4d3bb8b5dc
11d12d5d-4913-4134-a768-79d47cb72374,11d12d5d-4913-4134-a768-79d47cb72374,11d12d5d-4913-4134-a768-79d47cb72374.txt,pending,silver_labels/pending_assignment/11d12d5d-4913-4134-a768-79d47cb72374/labels.json,pending,93d9c1358122d8162739d8b9d137ffbf90740456823fd0271a0c9061a1d775fd
14129310-675c-4ae1-b82d-d934b98ae14b,14129310-675c-4ae1-b82d-d934b98ae14b,14129310-675c-4ae1-b82d-d934b98ae14b.txt,pending,silver_labels/pending_assignment/14129310-675c-4ae1-b82d-d934b98ae14b/labels.json,pending,da4b48b589e3e83e9177bc2a9bb3a9718418ee4427cafc25154a3c778d4fd44a
1418f25e-a014-4119-9d6c-b67cdbe90b94,1418f25e-a014-4119-9d6c-b67cdbe90b94,1418f25e-a014-4119-9d6c-b67cdbe90b94.txt,pending,silver_labels/pending_assignment/1418f25e-a014-4119-9d6c-b67cdbe90b94/labels.json,pending,93f06058579c1bf8ae2e4bba8f5f235f70df1344e23d732608669bdda5215ef1
142c436c-0d8f-49ee-9725-291486519f67,142c436c-0d8f-49ee-9725-291486519f67,142c436c-0d8f-49ee-9725-291486519f67.txt,pending,silver_labels/pending_assignment/142c436c-0d8f-49ee-9725-291486519f67/labels.json,pending,77641f4d1c4b185bca0864f865d3ee3944268ca8a3df499e815766af3fe56dd8
14e34c4e-4e27-42d8-928f-ad4a71f80764,14e34c4e-4e27-42d8-928f-ad4a71f80764,14e34c4e-4e27-42d8-928f-ad4a71f80764.txt,pending,silver_labels/pending_assignment/14e34c4e-4e27-42d8-928f-ad4a71f80764/labels.json,pending,3dafde75d2ca3a9928b73ef126ec31777bc831ae8e87dabd8cd27027cef07aac
14f5fe6e-1c37-491d-87a7-4dda9d07966b,14f5fe6e-1c37-491d-87a7-4dda9d07966b,14f5fe6e-1c37-491d-87a7-4dda9d07966b.txt,pending,silver_labels/pending_assignment/14f5fe6e-1c37-491d-87a7-4dda9d07966b/labels.json,pending,2b0e901871a47fd16d6f96bc413e739da5ed3fb9d1a79feb369f78020caf2fb5
1507fb8f-a797-4911-a695-15e9856cb173,1507fb8f-a797-4911-a695-15e9856cb173,1507fb8f-a797-4911-a695-15e9856cb173.txt,pending,silver_labels/pending_assignment/1507fb8f-a797-4911-a695-15e9856cb173/labels.json,pending,b91da0f2a4ca9a71d5f678ef75816c741874d65ccadcf20ff6545771defa8184
155203ec-a9c3-49d7-a135-b8b3676d8658,155203ec-a9c3-49d7-a135-b8b3676d8658,155203ec-a9c3-49d7-a135-b8b3676d8658.txt,pending,silver_labels/pending_assignment/155203ec-a9c3-49d7-a135-b8b3676d8658/labels.json,pending,b905a195e8912956e6154b7aa717ff3f58b425baf39979aa124112b11d4b1a1b
15e2e683-a9f6-4a51-9a03-27c138b50bdf,15e2e683-a9f6-4a51-9a03-27c138b50bdf,15e2e683-a9f6-4a51-9a03-27c138b50bdf.txt,pending,silver_labels/pending_assignment/15e2e683-a9f6-4a51-9a03-27c138b50bdf/labels.json,pending,c2b03c335ec3da01315cc73450cbf0ffa8768a17cc8c3970af071b899d7fd840
15fe8c92-30ba-47f5-a0ea-44a1cd47dba7,15fe8c92-30ba-47f5-a0ea-44a1cd47dba7,15fe8c92-30ba-47f5-a0ea-44a1cd47dba7.txt,pending,silver_labels/pending_assignment/15fe8c92-30ba-47f5-a0ea-44a1cd47dba7/labels.json,pending,77d7ff21fba6bb6df08c50144cfe01e68632f488f3923d1cbbb3742e1077bd0a
164bdd54-904f-4308-8d4e-90ba75777e31,164bdd54-904f-4308-8d4e-90ba75777e31,164bdd54-904f-4308-8d4e-90ba75777e31.txt,pending,silver_labels/pending_assignment/164bdd54-904f-4308-8d4e-90ba75777e31/labels.json,pending,04526ccd4cf23e6e5eb51eafd51e33b7fd157b2decb916c72b55a034b6cd78f8
1699d7c9-be90-437a-bd68-eff94e651105,1699d7c9-be90-437a-bd68-eff94e651105,1699d7c9-be90-437a-bd68-eff94e651105.txt,pending,silver_labels/pending_assignment/1699d7c9-be90-437a-bd68-eff94e651105/labels.json,pending,589a0a7e0382f6c713b62b9bc54b4f0b0d885781980c9135ca1bbd6a980a29bc
16af37de-347d-4826-8a60-691d9a0e7fea,16af37de-347d-4826-8a60-691d9a0e7fea,16af37de-347d-4826-8a60-691d9a0e7fea.txt,pending,silver_labels/pending_assignment/16af37de-347d-4826-8a60-691d9a0e7fea/labels.json,pending,67dfb7f80b952a7d304fc80beebe3223e4f3fe9f73a4dab359e210558c2b6afa
178bf887-0aff-4253-be58-e363db00af7a,178bf887-0aff-4253-be58-e363db00af7a,178bf887-0aff-4253-be58-e363db00af7a.txt,pending,silver_labels/pending_assignment/178bf887-0aff-4253-be58-e363db00af7a/labels.json,pending,ae414e88e9a6305aaadb181d710b1f6f90b786e26005e153189198c44c56ebd1
17ab5197-7d36-4697-a969-e6b8db3862ec,17ab5197-7d36-4697-a969-e6b8db3862ec,17ab5197-7d36-4697-a969-e6b8db3862ec.txt,pending,silver_labels/pending_assignment/17ab5197-7d36-4697-a969-e6b8db3862ec/labels.json,pending,d67c9ffc631a51a782288d90c0c48239bbc7e31b8ac45e59d7fdf9bfb196da5b
17dbcae3-0087-49c6-af7c-c92099e3377a,17dbcae3-0087-49c6-af7c-c92099e3377a,17dbcae3-0087-49c6-af7c-c92099e3377a.txt,pending,silver_labels/pending_assignment/17dbcae3-0087-49c6-af7c-c92099e3377a/labels.json,pending,9f3d14c7742eeab807a499f3b9d59c7d59cd2d6a8cebecf7d7d9ffd480d5a038
18984e66-990e-4e54-b3f8-921fdbc351ff,18984e66-990e-4e54-b3f8-921fdbc351ff,18984e66-990e-4e54-b3f8-921fdbc351ff.txt,pending,silver_labels/pending_assignment/18984e66-990e-4e54-b3f8-921fdbc351ff/labels.json,pending,8ac87956c6e003da8b5930d8ad89548f71cb578fe378296dfb5cb8edcbf92672
18e54549-a1e8-402a-a7ad-1a50f0c353f6,18e54549-a1e8-402a-a7ad-1a50f0c353f6,18e54549-a1e8-402a-a7ad-1a50f0c353f6.txt,pending,silver_labels/pending_assignment/18e54549-a1e8-402a-a7ad-1a50f0c353f6/labels.json,pending,d36d74e70557c72a1e02979eff5cf0235dee2eebc1d9eb7f4182a98301bc38f5
18efe569-a8ea-49fb-8776-aa4da710502c,18efe569-a8ea-49fb-8776-aa4da710502c,18efe569-a8ea-49fb-8776-aa4da710502c.txt,pending,silver_labels/pending_assignment/18efe569-a8ea-49fb-8776-aa4da710502c/labels.json,pending,7397380938fa86907df838cceb45645f4ee1610786f78a2734cd5b1df4588ab7
19313347-d014-4c87-bc6c-9823d2a64bc5,19313347-d014-4c87-bc6c-9823d2a64bc5,19313347-d014-4c87-bc6c-9823d2a64bc5.txt,pending,silver_labels/pending_assignment/19313347-d014-4c87-bc6c-9823d2a64bc5/labels.json,pending,e8fde764b72bb295a6e1c964035d48b51c2febf30183036c7009b6b2dff7d55f
19c78684-fc44-482c-a0d3-d19223b4ba65,19c78684-fc44-482c-a0d3-d19223b4ba65,19c78684-fc44-482c-a0d3-d19223b4ba65.txt,pending,silver_labels/pending_assignment/19c78684-fc44-482c-a0d3-d19223b4ba65/labels.json,pending,1abf0514049e5d0579cc3592f81a49a43ee77f6f60a767f142185b76b9814e11
1a19835c-4dd1-4d29-b945-e0b25285a26a,1a19835c-4dd1-4d29-b945-e0b25285a26a,1a19835c-4dd1-4d29-b945-e0b25285a26a.txt,pending,silver_labels/pending_assignment/1a19835c-4dd1-4d29-b945-e0b25285a26a/labels.json,pending,ebfc5bdfdc993677e350c9bff64abde6944a48d240053207a57201d781db893e
1bb8ee77-ac56-41f9-8103-a4314cc334f0,1bb8ee77-ac56-41f9-8103-a4314cc334f0,1bb8ee77-ac56-41f9-8103-a4314cc334f0.txt,pending,silver_labels/pending_assignment/1bb8ee77-ac56-41f9-8103-a4314cc334f0/labels.json,pending,96857e4442d67d8078995faf82b693e7acc4c0c8be2fcb07760729c9acb2514f
1c0e34d9-5c5c-4e74-9046-216fcd5cbd6d,1c0e34d9-5c5c-4e74-9046-216fcd5cbd6d,1c0e34d9-5c5c-4e74-9046-216fcd5cbd6d.txt,pending,silver_labels/pending_assignment/1c0e34d9-5c5c-4e74-9046-216fcd5cbd6d/labels.json,pending,9e5beda45a2bb682a0cbcb00e2d3ce4ed1b5ebbcc6ccd405d0fd8df4f3000457
1c76c243-3a37-4416-87d3-2e4eac7d2f3e,1c76c243-3a37-4416-87d3-2e4eac7d2f3e,1c76c243-3a37-4416-87d3-2e4eac7d2f3e.txt,pending,silver_labels/pending_assignment/1c76c243-3a37-4416-87d3-2e4eac7d2f3e/labels.json,pending,69bd71ded06e4d7ffc45f556f2c39f8be32dc991e1da9784ceb07ccb0919be6c
1d932c05-9340-4f74-90a5-1820ae5c1646,1d932c05-9340-4f74-90a5-1820ae5c1646,1d932c05-9340-4f74-90a5-1820ae5c1646.txt,pending,silver_labels/pending_assignment/1d932c05-9340-4f74-90a5-1820ae5c1646/labels.json,pending,4af7b1fc6edb710b7afce0710b90b5e7219955eeca81fc1b73d2b4898c881cbd
1e113df7-07f6-4d1a-b5ed-c401e230f4cb,1e113df7-07f6-4d1a-b5ed-c401e230f4cb,1e113df7-07f6-4d1a-b5ed-c401e230f4cb.txt,pending,silver_labels/pending_assignment/1e113df7-07f6-4d1a-b5ed-c401e230f4cb/labels.json,pending,6834ce7d18bf3aeea5f913d24c070602b84f4f729f3ca770bc1ff9f98a1635de
1e35a2d3-ce3f-4b01-bd3d-b466ebc0a951,1e35a2d3-ce3f-4b01-bd3d-b466ebc0a951,1e35a2d3-ce3f-4b01-bd3d-b466ebc0a951.txt,pending,silver_labels/pending_assignment/1e35a2d3-ce3f-4b01-bd3d-b466ebc0a951/labels.json,pending,16785cbe6a330c3af3c4f200bf48da18ddf55730f847acd64f5372a0d40e1ca0
1e606ba1-3721-4da1-b721-d2530c1546bd,1e606ba1-3721-4da1-b721-d2530c1546bd,1e606ba1-3721-4da1-b721-d2530c1546bd.txt,pending,silver_labels/pending_assignment/1e606ba1-3721-4da1-b721-d2530c1546bd/labels.json,pending,e6486b5d6a54d9a21d9195de2a15030939a487ce3a3eb29c8a4cf60fe6a29eb0
1eb0a263-5575-4bfe-a61b-c2c31e324834,1eb0a263-5575-4bfe-a61b-c2c31e324834,1eb0a263-5575-4bfe-a61b-c2c31e324834.txt,pending,silver_labels/pending_assignment/1eb0a263-5575-4bfe-a61b-c2c31e324834/labels.json,pending,9c120841df0eee258ea8d4228af07dd98826cb02bd74c028ada9a62012dd5545
1f7e582c-c6bc-46b6-b5a4-e5d78e8a46ac,1f7e582c-c6bc-46b6-b5a4-e5d78e8a46ac,1f7e582c-c6bc-46b6-b5a4-e5d78e8a46ac.txt,pending,silver_labels/pending_assignment/1f7e582c-c6bc-46b6-b5a4-e5d78e8a46ac/labels.json,pending,e89e1dbaed639c221d415e6572c762040f2de9bc835102a196f61f9af4c5f9d2
1fdf2fcf-746c-446e-a3fa-d70fbbf3e2c6,1fdf2fcf-746c-446e-a3fa-d70fbbf3e2c6,1fdf2fcf-746c-446e-a3fa-d70fbbf3e2c6.txt,pending,silver_labels/pending_assignment/1fdf2fcf-746c-446e-a3fa-d70fbbf3e2c6/labels.json,pending,5fbaccd8fa727f30fdbeb90cebd93ecd4f8f245e557a43115d8da881cd29465b
208392ba-e44a-4d2b-be77-1927ad69bc5e,208392ba-e44a-4d2b-be77-1927ad69bc5e,208392ba-e44a-4d2b-be77-1927ad69bc5e.txt,pending,silver_labels/pending_assignment/208392ba-e44a-4d2b-be77-1927ad69bc5e/labels.json,pending,a5ca12d098086c4cb6ef0bfe9c133e5304e7ad1efa1eb0bf6d21db12a8806843
209e1eea-1c64-41bb-8707-47c4d77e7e92,209e1eea-1c64-41bb-8707-47c4d77e7e92,209e1eea-1c64-41bb-8707-47c4d77e7e92.txt,pending,silver_labels/pending_assignment/209e1eea-1c64-41bb-8707-47c4d77e7e92/labels.json,pending,80c865c69278d41c271fb29f0f8636da623bfa5510ea6c7374f373a29bad34a5
20bc98a3-efaa-4657-8448-f731bdec47cb,20bc98a3-efaa-4657-8448-f731bdec47cb,20bc98a3-efaa-4657-8448-f731bdec47cb.txt,pending,silver_labels/pending_assignment/20bc98a3-efaa-4657-8448-f731bdec47cb/labels.json,pending,fe9d8eb20c37c8f2ffa1eed14d35ff42439db7df72978b18d08ccbec1898f77f
20c24d28-cf75-43fc-890f-2dc6e33279d9,20c24d28-cf75-43fc-890f-2dc6e33279d9,20c24d28-cf75-43fc-890f-2dc6e33279d9.txt,pending,silver_labels/pending_assignment/20c24d28-cf75-43fc-890f-2dc6e33279d9/labels.json,pending,1e5b5a6dc4a162e885c32bacf6a086d8e72c22c651c352aab1cc0182b84244d9
20f92d63-d3aa-44bc-a593-2d50a720d30d,20f92d63-d3aa-44bc-a593-2d50a720d30d,20f92d63-d3aa-44bc-a593-2d50a720d30d.txt,pending,silver_labels/pending_assignment/20f92d63-d3aa-44bc-a593-2d50a720d30d/labels.json,pending,e7ead816a01c4fd2e87adf7b99e0df96bcad118d343d0b83ede6b2c18d24208f
22083989-6244-440b-af5b-93a3a10f6e04,22083989-6244-440b-af5b-93a3a10f6e04,22083989-6244-440b-af5b-93a3a10f6e04.txt,pending,silver_labels/pending_assignment/22083989-6244-440b-af5b-93a3a10f6e04/labels.json,pending,10dcce8f35dc534edbd3ab88562471a1c938d6c0ad33dd60ac0d9cbd1cb1c881
24292f26-1133-4475-ac34-37230db54f33,24292f26-1133-4475-ac34-37230db54f33,24292f26-1133-4475-ac34-37230db54f33.txt,pending,silver_labels/pending_assignment/24292f26-1133-4475-ac34-37230db54f33/labels.json,pending,40ac322d7215dc84ed0b3383f76e20bb8659d387cc1beff0050c2789c20cc722
247fa9d7-7636-4faf-8620-b0e16c305909,247fa9d7-7636-4faf-8620-b0e16c305909,247fa9d7-7636-4faf-8620-b0e16c305909.txt,pending,silver_labels/pending_assignment/247fa9d7-7636-4faf-8620-b0e16c305909/labels.json,pending,439471084cc19171f443a71ac443709e02e94451afe113a462512324ca776f66
24be1878-43b6-4f03-b6c1-8ddf08dcc5c1,24be1878-43b6-4f03-b6c1-8ddf08dcc5c1,24be1878-43b6-4f03-b6c1-8ddf08dcc5c1.txt,pending,silver_labels/pending_assignment/24be1878-43b6-4f03-b6c1-8ddf08dcc5c1/labels.json,pending,84acf88cf6b4c89263bc4118a69c3c66bcd6eee3deaa3c685c337f6ae8659f64
251d923a-e4f6-4a68-9169-2f3d1f7311a7,251d923a-e4f6-4a68-9169-2f3d1f7311a7,251d923a-e4f6-4a68-9169-2f3d1f7311a7.txt,pending,silver_labels/pending_assignment/251d923a-e4f6-4a68-9169-2f3d1f7311a7/labels.json,pending,ebad31c30ad5e4675ae17a6bf4215896278dc93faeb4887c27ded5dffab0c668
25262e9d-0157-4bc2-a7aa-ce0f1509e075,25262e9d-0157-4bc2-a7aa-ce0f1509e075,25262e9d-0157-4bc2-a7aa-ce0f1509e075.txt,pending,silver_labels/pending_assignment/25262e9d-0157-4bc2-a7aa-ce0f1509e075/labels.json,pending,5da5a8422e45e74f41147dd0ca54c5ce10886b0b4672c93c9173d28ecc4fd7de
25b3edec-ae20-480c-b1d4-7a6da0b36156,25b3edec-ae20-480c-b1d4-7a6da0b36156,25b3edec-ae20-480c-b1d4-7a6da0b36156.txt,pending,silver_labels/pending_assignment/25b3edec-ae20-480c-b1d4-7a6da0b36156/labels.json,pending,4802bc9d2c24dc5c71b081a429583b2c7820dd5ce21f0078248d189099669cdf
25de27d1-adc5-44fe-85ce-fc53e15e1b02,25de27d1-adc5-44fe-85ce-fc53e15e1b02,25de27d1-adc5-44fe-85ce-fc53e15e1b02.txt,pending,silver_labels/pending_assignment/25de27d1-adc5-44fe-85ce-fc53e15e1b02/labels.json,pending,078e360ee3dc734d69940aaf08f4d0e4a5a313196a5e567fc58e65436b1945e9
262878c2-d717-48ac-a35a-73e91bc685a6,262878c2-d717-48ac-a35a-73e91bc685a6,262878c2-d717-48ac-a35a-73e91bc685a6.txt,pending,silver_labels/pending_assignment/262878c2-d717-48ac-a35a-73e91bc685a6/labels.json,pending,6878971e32996cdaac893d2a1f0d87977a46a409b96fc29d95ee3961a4e81501
263fc615-bee8-48a5-8a1f-28bff46ec228,263fc615-bee8-48a5-8a1f-28bff46ec228,263fc615-bee8-48a5-8a1f-28bff46ec228.txt,pending,silver_labels/pending_assignment/263fc615-bee8-48a5-8a1f-28bff46ec228/labels.json,pending,574f0aa86bf33f475651645c2cacf2f566b25f535d829471ce68bc6bb5fe162b
265c2640-040f-4f32-9ac6-2fb564d28133,265c2640-040f-4f32-9ac6-2fb564d28133,265c2640-040f-4f32-9ac6-2fb564d28133.txt,pending,silver_labels/pending_assignment/265c2640-040f-4f32-9ac6-2fb564d28133/labels.json,pending,0553d264e9af852fad46c7328c4a5f626b203b5970d34f1c105b19ee22d4668d
265c90a1-79ba-4956-888d-7f27ecb76424,265c90a1-79ba-4956-888d-7f27ecb76424,265c90a1-79ba-4956-888d-7f27ecb76424.txt,pending,silver_labels/pending_assignment/265c90a1-79ba-4956-888d-7f27ecb76424/labels.json,pending,4acf60e781284b9f88346313e5f4b779bd804762781239e24430bfef4083f15f
2699024b-93f4-48b8-ac08-3012274a47fa,2699024b-93f4-48b8-ac08-3012274a47fa,2699024b-93f4-48b8-ac08-3012274a47fa.txt,pending,silver_labels/pending_assignment/2699024b-93f4-48b8-ac08-3012274a47fa/labels.json,pending,61f6d244a1240e8fb9a90e55bde7cac3f7434f3fd5074367475dd12c41e27001
269bc7df-9b19-4879-88c7-4474dbd62f67,269bc7df-9b19-4879-88c7-4474dbd62f67,269bc7df-9b19-4879-88c7-4474dbd62f67.txt,pending,silver_labels/pending_assignment/269bc7df-9b19-4879-88c7-4474dbd62f67/labels.json,pending,6f9a316bbcfec7345a74a1be3044307805b63ffa2f0ea2ee40ef7d2096f1a6a8
29b7edd5-d78d-4edb-bcce-4f6c9a166455,29b7edd5-d78d-4edb-bcce-4f6c9a166455,29b7edd5-d78d-4edb-bcce-4f6c9a166455.txt,pending,silver_labels/pending_assignment/29b7edd5-d78d-4edb-bcce-4f6c9a166455/labels.json,pending,012e58d7ee50b58985d957b16c03e21b0fcda7c508371625142de47f62221bac
2a35b21b-8134-45fc-8194-0ca3cd292220,2a35b21b-8134-45fc-8194-0ca3cd292220,2a35b21b-8134-45fc-8194-0ca3cd292220.txt,pending,silver_labels/pending_assignment/2a35b21b-8134-45fc-8194-0ca3cd292220/labels.json,pending,d28b671d33a5217def8ba30350a2d9df096a4488e6cbc81bb5fffb03c84c254c
2b10d00a-1350-4a61-80ac-4ae203c87343,2b10d00a-1350-4a61-80ac-4ae203c87343,2b10d00a-1350-4a61-80ac-4ae203c87343.txt,pending,silver_labels/pending_assignment/2b10d00a-1350-4a61-80ac-4ae203c87343/labels.json,pending,cca8e2125c278ae6450f5a77681780f997188dd037cedb797017e3e934807bc0
2b7760a2-c248-4ace-8313-919719349404,2b7760a2-c248-4ace-8313-919719349404,2b7760a2-c248-4ace-8313-919719349404.txt,pending,silver_labels/pending_assignment/2b7760a2-c248-4ace-8313-919719349404/labels.json,pending,07c76120d9934f30ee142d442ea98f64a9908431dd61aa5dbffe4707e5ccc0d2
2c770f9c-e6e6-4ccc-8215-6cbfdcb9af46,2c770f9c-e6e6-4ccc-8215-6cbfdcb9af46,2c770f9c-e6e6-4ccc-8215-6cbfdcb9af46.txt,pending,silver_labels/pending_assignment/2c770f9c-e6e6-4ccc-8215-6cbfdcb9af46/labels.json,pending,100babf03cfec78723cae928a9b6825fdc692654bdff2d8a7b9868d7c1acb5c7
2d20999a-e929-43c8-9b4f-f220cafc06d1,2d20999a-e929-43c8-9b4f-f220cafc06d1,2d20999a-e929-43c8-9b4f-f220cafc06d1.txt,pending,silver_labels/pending_assignment/2d20999a-e929-43c8-9b4f-f220cafc06d1/labels.json,pending,aa555bb7fc105d2257d543992f8c8c779a5786ac6dcd02367f81a42226a3d50d
2d7f1113-de9d-4e61-bdbe-38a9bd2a1121,2d7f1113-de9d-4e61-bdbe-38a9bd2a1121,2d7f1113-de9d-4e61-bdbe-38a9bd2a1121.txt,pending,silver_labels/pending_assignment/2d7f1113-de9d-4e61-bdbe-38a9bd2a1121/labels.json,pending,cfdecafa4d2a7ed036fedbc3d98295a4d405d59243c9ddd9a683986f39e2b01f
2d901561-fa27-4532-af85-be4a5cb511fd,2d901561-fa27-4532-af85-be4a5cb511fd,2d901561-fa27-4532-af85-be4a5cb511fd.txt,pending,silver_labels/pending_assignment/2d901561-fa27-4532-af85-be4a5cb511fd/labels.json,pending,12d9f8187dcab017a3139f4ba751528f0759391dd7104cc07a0e7184ff5b1a54
2ef0bddb-04a7-4d0e-8aba-fa7c313e5295,2ef0bddb-04a7-4d0e-8aba-fa7c313e5295,2ef0bddb-04a7-4d0e-8aba-fa7c313e5295.txt,pending,silver_labels/pending_assignment/2ef0bddb-04a7-4d0e-8aba-fa7c313e5295/labels.json,pending,abafbea8d99d02f40a31ed1540e9cf54ab1abc659463fd3378e9ed2a82e384c1
2f39332c-6b63-49a7-9dc3-491c3cdc5aa2,2f39332c-6b63-49a7-9dc3-491c3cdc5aa2,2f39332c-6b63-49a7-9dc3-491c3cdc5aa2.txt,pending,silver_labels/pending_assignment/2f39332c-6b63-49a7-9dc3-491c3cdc5aa2/labels.json,pending,b6a923c4adc04480ccd48994eb131634251647f522be123e0d598595ec91e85a
2fb5e5af-52fe-4469-b77a-0b4467ca0bf1,2fb5e5af-52fe-4469-b77a-0b4467ca0bf1,2fb5e5af-52fe-4469-b77a-0b4467ca0bf1.txt,pending,silver_labels/pending_assignment/2fb5e5af-52fe-4469-b77a-0b4467ca0bf1/labels.json,pending,773be46b8bef2190bdb7bb90276d78e22075048d584df2c71693f0d42874b180
2fb914a4-32a5-4321-9aa7-830e476c466a,2fb914a4-32a5-4321-9aa7-830e476c466a,2fb914a4-32a5-4321-9aa7-830e476c466a.txt,pending,silver_labels/pending_assignment/2fb914a4-32a5-4321-9aa7-830e476c466a/labels.json,pending,c82d14acdd3ecac7a99e6dc59358e789656ed329daed6ae08f0445205e0c6d3b
30a69621-20ae-437e-bc61-7934ac8bc543,30a69621-20ae-437e-bc61-7934ac8bc543,30a69621-20ae-437e-bc61-7934ac8bc543.txt,pending,silver_labels/pending_assignment/30a69621-20ae-437e-bc61-7934ac8bc543/labels.json,pending,fafc099fd3b004ffc84a99e13bc9600a57077bfbd880d2ff5ba7ce14974db1f0
30d35ce8-1e0f-4c09-ac7d-5ff9737c8ac2,30d35ce8-1e0f-4c09-ac7d-5ff9737c8ac2,30d35ce8-1e0f-4c09-ac7d-5ff9737c8ac2.txt,pending,silver_labels/pending_assignment/30d35ce8-1e0f-4c09-ac7d-5ff9737c8ac2/labels.json,pending,0bebd7527617a83ca2f2761a473b3ada6421c8454b768c80bd742fd84f8346b5
310ce55b-8db0-4407-a25c-c2460b37cce5,310ce55b-8db0-4407-a25c-c2460b37cce5,310ce55b-8db0-4407-a25c-c2460b37cce5.txt,pending,silver_labels/pending_assignment/310ce55b-8db0-4407-a25c-c2460b37cce5/labels.json,pending,e1a5af8a9947159e316967bb2c98b608c07e8717b0272e04148e0b1080dbf209
3186a2ea-47f5-45cf-8c9c-ba4182d2c0a7,3186a2ea-47f5-45cf-8c9c-ba4182d2c0a7,3186a2ea-47f5-45cf-8c9c-ba4182d2c0a7.txt,pending,silver_labels/pending_assignment/3186a2ea-47f5-45cf-8c9c-ba4182d2c0a7/labels.json,pending,2fd14bc951769330e3b3c6ac2295e9168ed02873898f12cbf001994d21818721
32adb5d5-910d-4547-972a-f5d0b795c689,32adb5d5-910d-4547-972a-f5d0b795c689,32adb5d5-910d-4547-972a-f5d0b795c689.txt,pending,silver_labels/pending_assignment/32adb5d5-910d-4547-972a-f5d0b795c689/labels.json,pending,1fdf20d4b37bdd7d837947743e42cd63d6a10dd5f63e705b19fe76f1d9d9172a
32e6806f-7402-4615-b02f-98d39af02b34,32e6806f-7402-4615-b02f-98d39af02b34,32e6806f-7402-4615-b02f-98d39af02b34.txt,pending,silver_labels/pending_assignment/32e6806f-7402-4615-b02f-98d39af02b34/labels.json,pending,7f39cc90f51c0fd93dabe68649612bfea47cd361361c42a94cc97080763acafd
33567718-2e8d-454c-95fc-c34fa41a4068,33567718-2e8d-454c-95fc-c34fa41a4068,33567718-2e8d-454c-95fc-c34fa41a4068.txt,pending,silver_labels/pending_assignment/33567718-2e8d-454c-95fc-c34fa41a4068/labels.json,pending,6940a6cd92fb95ddc5ce5b22293c8660c2556571db4bd05f8f24f62bc725c130
33c5f6cf-7cd2-448d-8970-a59462023a45,33c5f6cf-7cd2-448d-8970-a59462023a45,33c5f6cf-7cd2-448d-8970-a59462023a45.txt,pending,silver_labels/pending_assignment/33c5f6cf-7cd2-448d-8970-a59462023a45/labels.json,pending,b22037739c21de3217cf8b659c81bdc798fd1febde57869c46ba58503fb80eec
33d648dc-190b-46db-b639-23382a82d7bd,33d648dc-190b-46db-b639-23382a82d7bd,33d648dc-190b-46db-b639-23382a82d7bd.txt,pending,silver_labels/pending_assignment/33d648dc-190b-46db-b639-23382a82d7bd/labels.json,pending,e5def995985cb3976a5990b11b7f828175745fc22a3f22bf5ea2d2796f8a6512
33e8c5c6-876b-4764-b725-949d2e4a2669,33e8c5c6-876b-4764-b725-949d2e4a2669,33e8c5c6-876b-4764-b725-949d2e4a2669.txt,pending,silver_labels/pending_assignment/33e8c5c6-876b-4764-b725-949d2e4a2669/labels.json,pending,f97559f490fe51d4a09e5e2dee9e78ba8d41964b9f15ea4a53486b4aa4178131
33f1c21c-b07a-485e-ba8e-43217e25ae00,33f1c21c-b07a-485e-ba8e-43217e25ae00,33f1c21c-b07a-485e-ba8e-43217e25ae00.txt,pending,silver_labels/pending_assignment/33f1c21c-b07a-485e-ba8e-43217e25ae00/labels.json,pending,1f00181b088d078d7baabc9ce9b2ac3f757a859c712fc51d87b6ec48fac51ad1
34228312-a473-483c-bfad-3bc9b7bdc818,34228312-a473-483c-bfad-3bc9b7bdc818,34228312-a473-483c-bfad-3bc9b7bdc818.txt,pending,silver_labels/pending_assignment/34228312-a473-483c-bfad-3bc9b7bdc818/labels.json,pending,946912b7c5a1e5a8bfee5a773f36370b0ed7bc2fbd0ce2d932e688031b7a7141
343fdcb2-0edf-4eda-938a-17bb3e937c18,343fdcb2-0edf-4eda-938a-17bb3e937c18,343fdcb2-0edf-4eda-938a-17bb3e937c18.txt,pending,silver_labels/pending_assignment/343fdcb2-0edf-4eda-938a-17bb3e937c18/labels.json,pending,5067a28428514fdc252299d860e756dc08c04e94c73b4c90ce3ab737384501e2
3441fe43-ea34-45ae-855c-bdcf1151406e,3441fe43-ea34-45ae-855c-bdcf1151406e,3441fe43-ea34-45ae-855c-bdcf1151406e.txt,pending,silver_labels/pending_assignment/3441fe43-ea34-45ae-855c-bdcf1151406e/labels.json,pending,50890e6372b7fddfd9cfa9dee637fa73a4501c18c031a5a03a9558365964801c
34a130d2-e750-44d9-923c-97ccdc55f60d,34a130d2-e750-44d9-923c-97ccdc55f60d,34a130d2-e750-44d9-923c-97ccdc55f60d.txt,pending,silver_labels/pending_assignment/34a130d2-e750-44d9-923c-97ccdc55f60d/labels.json,pending,ed202b2ba6c97c5663bf67a554fdf4e8cbf04ff47431f3ac02421e65f5a7f3fb
34feb55e-d811-4684-89a3-362f4297b7fc,34feb55e-d811-4684-89a3-362f4297b7fc,34feb55e-d811-4684-89a3-362f4297b7fc.txt,pending,silver_labels/pending_assignment/34feb55e-d811-4684-89a3-362f4297b7fc/labels.json,pending,9871c85f8d8fe437a6bff979e02d71357e78cfcc10706328ecae434ad852f95e
350d3731-d65a-473f-95b6-f2c6f300ba93,350d3731-d65a-473f-95b6-f2c6f300ba93,350d3731-d65a-473f-95b6-f2c6f300ba93.txt,pending,silver_labels/pending_assignment/350d3731-d65a-473f-95b6-f2c6f300ba93/labels.json,pending,76677e70572bc49a7e1fe1ce73828b9a75f4739d9b4993bc3e7bb93a8743f530
352c15a2-c219-41a2-b291-f41f9b9ebbf5,352c15a2-c219-41a2-b291-f41f9b9ebbf5,352c15a2-c219-41a2-b291-f41f9b9ebbf5.txt,pending,silver_labels/pending_assignment/352c15a2-c219-41a2-b291-f41f9b9ebbf5/labels.json,pending,3948fcc0c615f43f546d22089355d3e6f179bfe9f74feafe77aaf0d97b3c5305
356332e8-4e95-4967-8b20-8635761dc588,356332e8-4e95-4967-8b20-8635761dc588,356332e8-4e95-4967-8b20-8635761dc588.txt,pending,silver_labels/pending_assignment/356332e8-4e95-4967-8b20-8635761dc588/labels.json,pending,5312ba233952748d6558eea7dc222614b4f60b52076fd2ea51a6b2c516bf2313
35edb446-16f9-4f3f-a274-f75571d6282e,35edb446-16f9-4f3f-a274-f75571d6282e,35edb446-16f9-4f3f-a274-f75571d6282e.txt,pending,silver_labels/pending_assignment/35edb446-16f9-4f3f-a274-f75571d6282e/labels.json,pending,2fa26964e03d30590a0c27f786739d27860fd351a60a4f6de0da8bb3dd15e0f8
36f338b1-bb0e-4c79-b40d-1c584913f262,36f338b1-bb0e-4c79-b40d-1c584913f262,36f338b1-bb0e-4c79-b40d-1c584913f262.txt,pending,silver_labels/pending_assignment/36f338b1-bb0e-4c79-b40d-1c584913f262/labels.json,pending,f7c651037f0fdd13f440770d6b9ecd574ca62f8da4ccddf89ebab8b149af1bec
36f6f438-7d8d-4c6a-965b-43c17261c091,36f6f438-7d8d-4c6a-965b-43c17261c091,36f6f438-7d8d-4c6a-965b-43c17261c091.txt,pending,silver_labels/pending_assignment/36f6f438-7d8d-4c6a-965b-43c17261c091/labels.json,pending,b1fad3c96f18f722b27c883b68fa4d58181ab5aa28c66e05777917643c14aefc
373764f7-6987-485a-8739-51f37cb46e3d,373764f7-6987-485a-8739-51f37cb46e3d,373764f7-6987-485a-8739-51f37cb46e3d.txt,pending,silver_labels/pending_assignment/373764f7-6987-485a-8739-51f37cb46e3d/labels.json,pending,f9781f5198373ca77a7288808b1d309b26e45f8f7f9d97448457530a7b230be3
39679832-1a7b-4596-a70b-89fa8c40a6f7,39679832-1a7b-4596-a70b-89fa8c40a6f7,39679832-1a7b-4596-a70b-89fa8c40a6f7.txt,pending,silver_labels/pending_assignment/39679832-1a7b-4596-a70b-89fa8c40a6f7/labels.json,pending,883a1597c711f9d62b86af36abf0960f59d543dbeb72b86912548a468eb02b5f
397d469d-1ae2-4d4d-8cd4-20ccb3b260de,397d469d-1ae2-4d4d-8cd4-20ccb3b260de,397d469d-1ae2-4d4d-8cd4-20ccb3b260de.txt,pending,silver_labels/pending_assignment/397d469d-1ae2-4d4d-8cd4-20ccb3b260de/labels.json,pending,58fd0ee07c39f4e8527fd20c37d48afa92cf527cf593000af89fea2d6132a7f1
3a0b5df2-a40d-4eea-91ce-f95031502c58,3a0b5df2-a40d-4eea-91ce-f95031502c58,3a0b5df2-a40d-4eea-91ce-f95031502c58.txt,pending,silver_labels/pending_assignment/3a0b5df2-a40d-4eea-91ce-f95031502c58/labels.json,pending,dfd8828ddf81ddb47b26a4e1460d40a7e77aeda54e30cdc788e32bd6fa1abac6
3a47cc58-f351-4050-b06f-a0b505f2e7da,3a47cc58-f351-4050-b06f-a0b505f2e7da,3a47cc58-f351-4050-b06f-a0b505f2e7da.txt,pending,silver_labels/pending_assignment/3a47cc58-f351-4050-b06f-a0b505f2e7da/labels.json,pending,574505731cb2e5de7ae512032fbc9168a389ba6295b18d41a737acdca2971e1d
3b0194a8-6776-4c86-9696-19b9268d548a,3b0194a8-6776-4c86-9696-19b9268d548a,3b0194a8-6776-4c86-9696-19b9268d548a.txt,pending,silver_labels/pending_assignment/3b0194a8-6776-4c86-9696-19b9268d548a/labels.json,pending,c62bf8e23cbb756baf3976f736f8e54a3e82867300fb97857948149b22802448
3b34cc10-e694-434e-8b4c-ddd9c19d0153,3b34cc10-e694-434e-8b4c-ddd9c19d0153,3b34cc10-e694-434e-8b4c-ddd9c19d0153.txt,pending,silver_labels/pending_assignment/3b34cc10-e694-434e-8b4c-ddd9c19d0153/labels.json,pending,6ca1241a50e83b46f5726577b77dbd249d0b693a76120b0b9058736d597dec8f
3d05e6d6-51f2-4365-b6eb-c6a8621c3a27,3d05e6d6-51f2-4365-b6eb-c6a8621c3a27,3d05e6d6-51f2-4365-b6eb-c6a8621c3a27.txt,pending,silver_labels/pending_assignment/3d05e6d6-51f2-4365-b6eb-c6a8621c3a27/labels.json,pending,bb20f97731b5a343238db74e6f5f8eace584eb45a074899b3f9707c4d66d564c
3d0bac4f-4edb-4497-abf3-5e0c31045d8f,3d0bac4f-4edb-4497-abf3-5e0c31045d8f,3d0bac4f-4edb-4497-abf3-5e0c31045d8f.txt,pending,silver_labels/pending_assignment/3d0bac4f-4edb-4497-abf3-5e0c31045d8f/labels.json,pending,53740b81955fc94336028292e2fa8b2d5f2cea1b2a4c667a5a9cabb3f7148540
3e3beb5d-0b8c-4be1-99f5-c6175a3a57c3,3e3beb5d-0b8c-4be1-99f5-c6175a3a57c3,3e3beb5d-0b8c-4be1-99f5-c6175a3a57c3.txt,pending,silver_labels/pending_assignment/3e3beb5d-0b8c-4be1-99f5-c6175a3a57c3/labels.json,pending,b50fa01070a54a1df5e465c808730f0c75ac21c7a3e0f5825f5bf96da5388811
3f0961fd-c5b8-416a-9485-2b58bf333c71,3f0961fd-c5b8-416a-9485-2b58bf333c71,3f0961fd-c5b8-416a-9485-2b58bf333c71.txt,pending,silver_labels/pending_assignment/3f0961fd-c5b8-416a-9485-2b58bf333c71/labels.json,pending,cdb56e4fb170b063856633eb935709b4575c67041e47eb0320e3c717ec314ad4
3f6ccd7e-66b6-4d5e-bacd-a812868363d6,3f6ccd7e-66b6-4d5e-bacd-a812868363d6,3f6ccd7e-66b6-4d5e-bacd-a812868363d6.txt,pending,silver_labels/pending_assignment/3f6ccd7e-66b6-4d5e-bacd-a812868363d6/labels.json,pending,fa66eb2c67ad651dd40c2df1ef49e9d1f1c5913aade7ed4dc27d083d67157927
4035f17c-61f5-4976-9b10-c682def66b36,4035f17c-61f5-4976-9b10-c682def66b36,4035f17c-61f5-4976-9b10-c682def66b36.txt,pending,silver_labels/pending_assignment/4035f17c-61f5-4976-9b10-c682def66b36/labels.json,pending,406277b7ea6776013d8fa65691e1cf04fd9baf8f2c657b501a15c33cf9568140
404a442d-2399-435f-b1f5-e4abb0953517,404a442d-2399-435f-b1f5-e4abb0953517,404a442d-2399-435f-b1f5-e4abb0953517.txt,pending,silver_labels/pending_assignment/404a442d-2399-435f-b1f5-e4abb0953517/labels.json,pending,df652cad2fa362b09da04b4f008f82df88116fbebb91c9a47054e43b26d0b035
41126a20-ce2c-4eab-90af-9455356e03bb,41126a20-ce2c-4eab-90af-9455356e03bb,41126a20-ce2c-4eab-90af-9455356e03bb.txt,pending,silver_labels/pending_assignment/41126a20-ce2c-4eab-90af-9455356e03bb/labels.json,pending,5d8e51ee155ef5f6ae5e9ca238fee9c03c23c7f12cc790e2edf94852c3a958ea
4176d548-8d1b-4a5a-8f94-3a28dd50370d,4176d548-8d1b-4a5a-8f94-3a28dd50370d,4176d548-8d1b-4a5a-8f94-3a28dd50370d.txt,pending,silver_labels/pending_assignment/4176d548-8d1b-4a5a-8f94-3a28dd50370d/labels.json,pending,182f576e30d306814d7380db4191444b9be6b44b002e2db854355182d695dd2f
41b5746a-0546-4c67-b262-a61ed5a6af2b,41b5746a-0546-4c67-b262-a61ed5a6af2b,41b5746a-0546-4c67-b262-a61ed5a6af2b.txt,pending,silver_labels/pending_assignment/41b5746a-0546-4c67-b262-a61ed5a6af2b/labels.json,pending,0d9a5e9c6ea6645b5f109acb2d2136fcfe8b242d4ea39c73c30e1211f8a69892
41ebdc70-fa5a-4e8f-ae1e-952936a7b338,41ebdc70-fa5a-4e8f-ae1e-952936a7b338,41ebdc70-fa5a-4e8f-ae1e-952936a7b338.txt,pending,silver_labels/pending_assignment/41ebdc70-fa5a-4e8f-ae1e-952936a7b338/labels.json,pending,d43a7e2ded527f613700a29400e2b073ae07460555874fa2bc5c140b4537d586
41ec5281-ba08-4f5b-9d68-2dcd0d678501,41ec5281-ba08-4f5b-9d68-2dcd0d678501,41ec5281-ba08-4f5b-9d68-2dcd0d678501.txt,pending,silver_labels/pending_assignment/41ec5281-ba08-4f5b-9d68-2dcd0d678501/labels.json,pending,903e07dfa3e56e3e7180ff6b1367e499c8b7709074c3cce1703da19844257e2b
42ce8122-bc6c-4c25-8e90-0cb2f2406432,42ce8122-bc6c-4c25-8e90-0cb2f2406432,42ce8122-bc6c-4c25-8e90-0cb2f2406432.txt,pending,silver_labels/pending_assignment/42ce8122-bc6c-4c25-8e90-0cb2f2406432/labels.json,pending,7e9abdf766d419a6eeab3b7b9120f708fd5e77bf5dcc7bac108f42a3583a019d
42d99fff-daee-41bc-ba4a-55b6a787e51d,42d99fff-daee-41bc-ba4a-55b6a787e51d,42d99fff-daee-41bc-ba4a-55b6a787e51d.txt,pending,silver_labels/pending_assignment/42d99fff-daee-41bc-ba4a-55b6a787e51d/labels.json,pending,8e0f438cb1e64f7c810d7dffa3792c56a5d97a0e32c88f19afd69f4b64dba947
432efb26-fdcd-4a4c-8fa1-11310c0b96e3,432efb26-fdcd-4a4c-8fa1-11310c0b96e3,432efb26-fdcd-4a4c-8fa1-11310c0b96e3.txt,pending,silver_labels/pending_assignment/432efb26-fdcd-4a4c-8fa1-11310c0b96e3/labels.json,pending,ba0005457ad19ead99aa3e21b16e622d4f0bcc44ce3a589daa7b411e3502616f
434a157f-6239-4e66-865b-4764e72ed918,434a157f-6239-4e66-865b-4764e72ed918,434a157f-6239-4e66-865b-4764e72ed918.txt,pending,silver_labels/pending_assignment/434a157f-6239-4e66-865b-4764e72ed918/labels.json,pending,b9613625cc63f31e6f21af2ed116df3c4307056081e07fac679f9dd56a9ccce5
43741688-7c5f-4a12-9a5d-956cd04c8e4c,43741688-7c5f-4a12-9a5d-956cd04c8e4c,43741688-7c5f-4a12-9a5d-956cd04c8e4c.txt,pending,silver_labels/pending_assignment/43741688-7c5f-4a12-9a5d-956cd04c8e4c/labels.json,pending,4c91ada451fd32f6084e011612ec6d1f733aeac73107e9324dbf426b5a568be4
437d7142-ef5c-4c73-a958-21e32cd3a75a,437d7142-ef5c-4c73-a958-21e32cd3a75a,437d7142-ef5c-4c73-a958-21e32cd3a75a.txt,pending,silver_labels/pending_assignment/437d7142-ef5c-4c73-a958-21e32cd3a75a/labels.json,pending,f76755b2a726fc67711e071cfce668bd9fb34b7f57faaff9b8134206522e8118
443305b9-c33d-4bbf-a719-db9c64e43a46,443305b9-c33d-4bbf-a719-db9c64e43a46,443305b9-c33d-4bbf-a719-db9c64e43a46.txt,pending,silver_labels/pending_assignment/443305b9-c33d-4bbf-a719-db9c64e43a46/labels.json,pending,c54c891d5d2d221ccc318a0c26498506052efb488e3579359f0623495d2dfebc
447ce27f-8e0a-4219-8aab-7f4f8411c037,447ce27f-8e0a-4219-8aab-7f4f8411c037,447ce27f-8e0a-4219-8aab-7f4f8411c037.txt,pending,silver_labels/pending_assignment/447ce27f-8e0a-4219-8aab-7f4f8411c037/labels.json,pending,9a36c236e8a61170bd27861d013e8104722f937e9ddf7bdfb7ab5927e0670d84
44e03fdf-acae-40e9-909a-70826aebe7d7,44e03fdf-acae-40e9-909a-70826aebe7d7,44e03fdf-acae-40e9-909a-70826aebe7d7.txt,pending,silver_labels/pending_assignment/44e03fdf-acae-40e9-909a-70826aebe7d7/labels.json,pending,ec7a6e27089a0b7eb04f8ca16d6bc375e2745dcb0e5ac23eee18d176d399a285
4605e087-d60c-4cfe-8ffc-7c5c2f513da9,4605e087-d60c-4cfe-8ffc-7c5c2f513da9,4605e087-d60c-4cfe-8ffc-7c5c2f513da9.txt,pending,silver_labels/pending_assignment/4605e087-d60c-4cfe-8ffc-7c5c2f513da9/labels.json,pending,76f7d2e71bdcd8a6ed0304e06148c430da2404238c1e5bbe7aa83e1585ae29a2
4680605f-b06d-4456-ad6e-6c4427175e4e,4680605f-b06d-4456-ad6e-6c4427175e4e,4680605f-b06d-4456-ad6e-6c4427175e4e.txt,pending,silver_labels/pending_assignment/4680605f-b06d-4456-ad6e-6c4427175e4e/labels.json,pending,89a9c0961ff7785c6130b7ce8eb71c69d0717c5e5ba3160f99280e19ea5401a2
46d14a01-720f-4d43-a00a-16e8a34835d4,46d14a01-720f-4d43-a00a-16e8a34835d4,46d14a01-720f-4d43-a00a-16e8a34835d4.txt,pending,silver_labels/pending_assignment/46d14a01-720f-4d43-a00a-16e8a34835d4/labels.json,pending,5f40b4d5ea240a53cdc2ee6b115921956e505678046f5d6e8ea4afb8c54f720f
47e11fd0-9ceb-4ffa-ad74-0203e28427b3,47e11fd0-9ceb-4ffa-ad74-0203e28427b3,47e11fd0-9ceb-4ffa-ad74-0203e28427b3.txt,pending,silver_labels/pending_assignment/47e11fd0-9ceb-4ffa-ad74-0203e28427b3/labels.json,pending,a6266a8f64334a48a99cb2a1e6aa43a91dcf21cd74197e4f4af81e2f4e009109
4857d57c-b994-4116-aeba-af8ab658ad36,4857d57c-b994-4116-aeba-af8ab658ad36,4857d57c-b994-4116-aeba-af8ab658ad36.txt,pending,silver_labels/pending_assignment/4857d57c-b994-4116-aeba-af8ab658ad36/labels.json,pending,51eaf3f20f05a92b209c01bad11b275462aa1f50b5ca7ca2b3f1c3084103db5a
485ab0d1-e649-4c0b-8a60-49b2ee46dc6b,485ab0d1-e649-4c0b-8a60-49b2ee46dc6b,485ab0d1-e649-4c0b-8a60-49b2ee46dc6b.txt,pending,silver_labels/pending_assignment/485ab0d1-e649-4c0b-8a60-49b2ee46dc6b/labels.json,pending,eef18e7bd002ff71d0e5db5076e6d72b2b4770c78d6ff195713beff549cdfd2e
48622ac9-189b-47cd-8eb4-3e6d93ba462e,48622ac9-189b-47cd-8eb4-3e6d93ba462e,48622ac9-189b-47cd-8eb4-3e6d93ba462e.txt,pending,silver_labels/pending_assignment/48622ac9-189b-47cd-8eb4-3e6d93ba462e/labels.json,pending,3a58afd6f4ddfa8bb75a6262772eb1ba7b4339a941038de8ea4e57da33edcfab
48a4206e-f458-4736-93fd-02436b76cfb8,48a4206e-f458-4736-93fd-02436b76cfb8,48a4206e-f458-4736-93fd-02436b76cfb8.txt,pending,silver_labels/pending_assignment/48a4206e-f458-4736-93fd-02436b76cfb8/labels.json,pending,ff2063e3cd7f20f7de8a1e97f1339074ef1f224671167c2d20ef59e61e495d9d
48f6f030-7973-4888-ac2a-0099e8636b88,48f6f030-7973-4888-ac2a-0099e8636b88,48f6f030-7973-4888-ac2a-0099e8636b88.txt,pending,silver_labels/pending_assignment/48f6f030-7973-4888-ac2a-0099e8636b88/labels.json,pending,fe1943870055a9e4de074ab0af344d94df47527a265ea7bad5d7e38ca11d5b8a
49090cf7-f049-469d-91d6-e66e4f68059d,49090cf7-f049-469d-91d6-e66e4f68059d,49090cf7-f049-469d-91d6-e66e4f68059d.txt,pending,silver_labels/pending_assignment/49090cf7-f049-469d-91d6-e66e4f68059d/labels.json,pending,b26a098e34cb76fea9367f9dc3dc14855d2b51efb6b773153dc1968d7d349f1c
49694675-cacf-452d-a940-3c93987126ef,49694675-cacf-452d-a940-3c93987126ef,49694675-cacf-452d-a940-3c93987126ef.txt,pending,silver_labels/pending_assignment/49694675-cacf-452d-a940-3c93987126ef/labels.json,pending,03e0afec8c2c9df3e2f9336b7d8b9406a2dbe7c16aab5fe7c9867cb0a66c357e
4a308a55-49a4-43cc-94f0-a2182fa5aaa6,4a308a55-49a4-43cc-94f0-a2182fa5aaa6,4a308a55-49a4-43cc-94f0-a2182fa5aaa6.txt,pending,silver_labels/pending_assignment/4a308a55-49a4-43cc-94f0-a2182fa5aaa6/labels.json,pending,3c754a393aae5b8bd64147fdff04d53a3db1460277679dd574a6fecc4b666098
4a348e90-7a79-4939-817f-f478f452da40,4a348e90-7a79-4939-817f-f478f452da40,4a348e90-7a79-4939-817f-f478f452da40.txt,pending,silver_labels/pending_assignment/4a348e90-7a79-4939-817f-f478f452da40/labels.json,pending,392ce7f6d6ac8db2d15aaa3a27042d024e988b96ae2bf7eb78f1e033592a392e
4a50f7ad-7b2d-439a-aebf-17f9abf9eefc,4a50f7ad-7b2d-439a-aebf-17f9abf9eefc,4a50f7ad-7b2d-439a-aebf-17f9abf9eefc.txt,pending,silver_labels/pending_assignment/4a50f7ad-7b2d-439a-aebf-17f9abf9eefc/labels.json,pending,cd70cecb3e30fc520a936787d194a3365a2c78c4a2695b592a5f8af58e0f8c6f
4aab823d-a152-4133-9383-dfc65a4ee06c,4aab823d-a152-4133-9383-dfc65a4ee06c,4aab823d-a152-4133-9383-dfc65a4ee06c.txt,pending,silver_labels/pending_assignment/4aab823d-a152-4133-9383-dfc65a4ee06c/labels.json,pending,a491f38f34c916aa6f04fbafb70e3dc647b3ae64f4b33ea3e2b35d4adede4c08
4b3fc3a3-8714-407c-b142-bf2e242e0ae9,4b3fc3a3-8714-407c-b142-bf2e242e0ae9,4b3fc3a3-8714-407c-b142-bf2e242e0ae9.txt,pending,silver_labels/pending_assignment/4b3fc3a3-8714-407c-b142-bf2e242e0ae9/labels.json,pending,bf062987e63b16138ce9032865fae798a25ca58f5cae23d05ab5f84ecf4925a3
4be7675a-c2e4-4535-a602-a57aefbadc3e,4be7675a-c2e4-4535-a602-a57aefbadc3e,4be7675a-c2e4-4535-a602-a57aefbadc3e.txt,pending,silver_labels/pending_assignment/4be7675a-c2e4-4535-a602-a57aefbadc3e/labels.json,pending,7977a2eaee40c08f2e4e90b119ba7b78cd910c288fd9c794c8e5acc13f50be72
4c1df7a0-95d9-4c6f-b665-a954f934f10d,4c1df7a0-95d9-4c6f-b665-a954f934f10d,4c1df7a0-95d9-4c6f-b665-a954f934f10d.txt,pending,silver_labels/pending_assignment/4c1df7a0-95d9-4c6f-b665-a954f934f10d/labels.json,pending,73e6f8cba694a904674be0ff2cbbc9ff1a0059922b0b15bb2e4e80f4c3beab07
4c2f2108-be90-4a60-8c43-d2544558b8e2,4c2f2108-be90-4a60-8c43-d2544558b8e2,4c2f2108-be90-4a60-8c43-d2544558b8e2.txt,pending,silver_labels/pending_assignment/4c2f2108-be90-4a60-8c43-d2544558b8e2/labels.json,pending,e58bf433755b9ea96d4f896cfd4fc4a7ce41edb75b0436ecb6c23a2583a9841b
4cb7b4b9-b029-45cb-840b-e9fac6554dcc,4cb7b4b9-b029-45cb-840b-e9fac6554dcc,4cb7b4b9-b029-45cb-840b-e9fac6554dcc.txt,pending,silver_labels/pending_assignment/4cb7b4b9-b029-45cb-840b-e9fac6554dcc/labels.json,pending,903640bbf5df925fbf5e234374c5abfbc3aa0f64a09d5aa590331dde56adb306
4da5f1a9-e9ae-4837-802a-27c8b6675b4c,4da5f1a9-e9ae-4837-802a-27c8b6675b4c,4da5f1a9-e9ae-4837-802a-27c8b6675b4c.txt,pending,silver_labels/pending_assignment/4da5f1a9-e9ae-4837-802a-27c8b6675b4c/labels.json,pending,650fe7857be44412726422ac30809110d1621d89ecd336fefa3372c73348a319
4e458f60-1fa1-4584-aca1-5932319e5ba9,4e458f60-1fa1-4584-aca1-5932319e5ba9,4e458f60-1fa1-4584-aca1-5932319e5ba9.txt,pending,silver_labels/pending_assignment/4e458f60-1fa1-4584-aca1-5932319e5ba9/labels.json,pending,280dbb454c520202aa12034305eba06c3a527e2e7b436496d0387429f9e0c3f1
4f58d221-8045-48e5-bf26-7e9ff6e16f3b,4f58d221-8045-48e5-bf26-7e9ff6e16f3b,4f58d221-8045-48e5-bf26-7e9ff6e16f3b.txt,pending,silver_labels/pending_assignment/4f58d221-8045-48e5-bf26-7e9ff6e16f3b/labels.json,pending,a4d43b09a56b6021b69e4f59a40a77d6b87b666d3cd4ea2103b5fd973939c9b1
4f5964fe-1353-439b-9e50-08b460ee3bd5,4f5964fe-1353-439b-9e50-08b460ee3bd5,4f5964fe-1353-439b-9e50-08b460ee3bd5.txt,pending,silver_labels/pending_assignment/4f5964fe-1353-439b-9e50-08b460ee3bd5/labels.json,pending,4d2af428f250059316d1cdf38caa40e987e9103945b2666ad8ac898262270fa5
500258ba-b356-44ec-adb1-ca95a1d66f03,500258ba-b356-44ec-adb1-ca95a1d66f03,500258ba-b356-44ec-adb1-ca95a1d66f03.txt,pending,silver_labels/pending_assignment/500258ba-b356-44ec-adb1-ca95a1d66f03/labels.json,pending,9e8c7b1f9d158cfda0e4019bbcd9a5c5f371250f6364c9fb65fffb913b800152
51e1704c-3a80-49c9-a22e-2c4db6332d43,51e1704c-3a80-49c9-a22e-2c4db6332d43,51e1704c-3a80-49c9-a22e-2c4db6332d43.txt,pending,silver_labels/pending_assignment/51e1704c-3a80-49c9-a22e-2c4db6332d43/labels.json,pending,272d124dae323f7794a9ffe5789e7dec8a4bde2d0970446a9db571863209be82
52519067-92a6-412b-bd86-d3a3836e0ac3,52519067-92a6-412b-bd86-d3a3836e0ac3,52519067-92a6-412b-bd86-d3a3836e0ac3.txt,pending,silver_labels/pending_assignment/52519067-92a6-412b-bd86-d3a3836e0ac3/labels.json,pending,a9f93beabfc173449f2eb647a4274cb0cca8b0989f0bd583c6038cedd9ff7c73
52983901-602c-484c-a43f-da8509a84e88,52983901-602c-484c-a43f-da8509a84e88,52983901-602c-484c-a43f-da8509a84e88.txt,pending,silver_labels/pending_assignment/52983901-602c-484c-a43f-da8509a84e88/labels.json,pending,a76a037a612879aaa20e47acf8897858accda6b4e002b2724b068aed8ac166dc
53074503-e206-4f9f-8e46-0c767ff6813f,53074503-e206-4f9f-8e46-0c767ff6813f,53074503-e206-4f9f-8e46-0c767ff6813f.txt,pending,silver_labels/pending_assignment/53074503-e206-4f9f-8e46-0c767ff6813f/labels.json,pending,00b005c06553250b451094712ef9a215678669f0ca6898b4cf51591fc744d86d
53459a58-b890-4cad-83dc-1fb55dbd880e,53459a58-b890-4cad-83dc-1fb55dbd880e,53459a58-b890-4cad-83dc-1fb55dbd880e.txt,pending,silver_labels/pending_assignment/53459a58-b890-4cad-83dc-1fb55dbd880e/labels.json,pending,24c031730991beeda802e0a8c46c96b0c926d9d71efd789160395428e11fcb8c
536675d6-80db-4db0-adb7-dfd3c5b6759b,536675d6-80db-4db0-adb7-dfd3c5b6759b,536675d6-80db-4db0-adb7-dfd3c5b6759b.txt,pending,silver_labels/pending_assignment/536675d6-80db-4db0-adb7-dfd3c5b6759b/labels.json,pending,f7433d34fd76bdf0e743d4f089448091360ee70d953329f8f397dfaa0f7c8706
53ea87fe-9cea-4434-9c1d-25f166620630,53ea87fe-9cea-4434-9c1d-25f166620630,53ea87fe-9cea-4434-9c1d-25f166620630.txt,pending,silver_labels/pending_assignment/53ea87fe-9cea-4434-9c1d-25f166620630/labels.json,pending,0ff5dc51c1ba4d92f2aa7b1696fe7cdc6a1cde1f6c2d6b05a74f2ebb0b486add
541f83af-f1a7-4c30-be52-0c7d5108d110,541f83af-f1a7-4c30-be52-0c7d5108d110,541f83af-f1a7-4c30-be52-0c7d5108d110.txt,pending,silver_labels/pending_assignment/541f83af-f1a7-4c30-be52-0c7d5108d110/labels.json,pending,856225348070764de949f17ac0b42c16151e60c07ea969623cd5cfef7d88773a
54532b33-dc38-48f1-a002-d685e0de9eab,54532b33-dc38-48f1-a002-d685e0de9eab,54532b33-dc38-48f1-a002-d685e0de9eab.txt,pending,silver_labels/pending_assignment/54532b33-dc38-48f1-a002-d685e0de9eab/labels.json,pending,2ca70b302909ae54f5b5dead063d50f5849d5a1233289f4c2c5726cb7fe862d4
54a86d58-43cb-4c78-b967-de4f865f2006,54a86d58-43cb-4c78-b967-de4f865f2006,54a86d58-43cb-4c78-b967-de4f865f2006.txt,pending,silver_labels/pending_assignment/54a86d58-43cb-4c78-b967-de4f865f2006/labels.json,pending,985d613daa373d284518bf64f6b96862562d6b227cec703ad8417f4863e9fa62
55484ecc-5a95-4629-850c-55f4b8aded7c,55484ecc-5a95-4629-850c-55f4b8aded7c,55484ecc-5a95-4629-850c-55f4b8aded7c.txt,pending,silver_labels/pending_assignment/55484ecc-5a95-4629-850c-55f4b8aded7c/labels.json,pending,0c4e7714b6ccd8b3a888ff2ad0c378e314cabaa17fd321a57b8dd6af8bc49a4a
55fe9177-e5c7-459f-b4a9-457b91018c60,55fe9177-e5c7-459f-b4a9-457b91018c60,55fe9177-e5c7-459f-b4a9-457b91018c60.txt,pending,silver_labels/pending_assignment/55fe9177-e5c7-459f-b4a9-457b91018c60/labels.json,pending,6bce4c6952e920f3d2bf1c113c9c08da585095f2af7d538da989fec4eb09b238
5608d91f-46c6-441e-94b3-8ca42d28b915,5608d91f-46c6-441e-94b3-8ca42d28b915,5608d91f-46c6-441e-94b3-8ca42d28b915.txt,pending,silver_labels/pending_assignment/5608d91f-46c6-441e-94b3-8ca42d28b915/labels.json,pending,9b024a2e54c002d701997470245584d162ba9c3f65bf487d982ce4e887762498
571658d4-279e-494e-8e01-f4d922147436,571658d4-279e-494e-8e01-f4d922147436,571658d4-279e-494e-8e01-f4d922147436.txt,pending,silver_labels/pending_assignment/571658d4-279e-494e-8e01-f4d922147436/labels.json,pending,385e2c7967a9adc59abb5b5e0ff3b046f2d8b0e8bf6c64e653547c85f8ddf367
571a07dc-20ed-4983-ba2d-a6a9461065ec,571a07dc-20ed-4983-ba2d-a6a9461065ec,571a07dc-20ed-4983-ba2d-a6a9461065ec.txt,pending,silver_labels/pending_assignment/571a07dc-20ed-4983-ba2d-a6a9461065ec/labels.json,pending,2b304effa2de3c569a7673a401303e4b26a6726550f9471751a04dc0ccf94bae
57a3f585-42f3-4400-9adf-655e6eb7ae2b,57a3f585-42f3-4400-9adf-655e6eb7ae2b,57a3f585-42f3-4400-9adf-655e6eb7ae2b.txt,pending,silver_labels/pending_assignment/57a3f585-42f3-4400-9adf-655e6eb7ae2b/labels.json,pending,f8a615634f02b2494601ee584080569c2b774bdad2b2129a3ad4412787056f5c
5857dca0-e0b7-425d-8c09-e301f5468e42,5857dca0-e0b7-425d-8c09-e301f5468e42,5857dca0-e0b7-425d-8c09-e301f5468e42.txt,pending,silver_labels/pending_assignment/5857dca0-e0b7-425d-8c09-e301f5468e42/labels.json,pending,8d744cfcba58b6a6322e8039895569cae1aa2862be399eef0941d3459e2deda7
588c5b4b-5e92-426c-8acc-686628a7342f,588c5b4b-5e92-426c-8acc-686628a7342f,588c5b4b-5e92-426c-8acc-686628a7342f.txt,pending,silver_labels/pending_assignment/588c5b4b-5e92-426c-8acc-686628a7342f/labels.json,pending,4c99a352f50596925f1d73e44e3a98d48a1aa222fa9f5eedb86d5ea33a33f31a
5a307dec-0265-4dab-ade6-bc6392695c9e,5a307dec-0265-4dab-ade6-bc6392695c9e,5a307dec-0265-4dab-ade6-bc6392695c9e.txt,pending,silver_labels/pending_assignment/5a307dec-0265-4dab-ade6-bc6392695c9e/labels.json,pending,23a847b05642ce0c99d698c17f547cfcba5fde775f0f5c5b9c9cf93be35a02f1
5a34ea59-8482-4592-ad01-6480a9981b4c,5a34ea59-8482-4592-ad01-6480a9981b4c,5a34ea59-8482-4592-ad01-6480a9981b4c.txt,pending,silver_labels/pending_assignment/5a34ea59-8482-4592-ad01-6480a9981b4c/labels.json,pending,cef37cd360d25baa9bff146365a5c4a3a5146cd937eda6852f5e6273b53dbca2
5ab93a9d-dc8d-4577-88f0-2591fcffd9fd,5ab93a9d-dc8d-4577-88f0-2591fcffd9fd,5ab93a9d-dc8d-4577-88f0-2591fcffd9fd.txt,pending,silver_labels/pending_assignment/5ab93a9d-dc8d-4577-88f0-2591fcffd9fd/labels.json,pending,d6a7a24344fba11d4a7c01e6bd9e56d79a6871fd1d2818e312ff363ee628652f
5b48dc51-b4ca-432e-b3d6-e3c1f61c58fa,5b48dc51-b4ca-432e-b3d6-e3c1f61c58fa,5b48dc51-b4ca-432e-b3d6-e3c1f61c58fa.txt,pending,silver_labels/pending_assignment/5b48dc51-b4ca-432e-b3d6-e3c1f61c58fa/labels.json,pending,67017afff69afc7abd47cdfee2529c21d35ef384014ec8da5f6cb1f5f069eb17
5c89fd8d-9663-4d7d-bbdd-a919c95e986b,5c89fd8d-9663-4d7d-bbdd-a919c95e986b,5c89fd8d-9663-4d7d-bbdd-a919c95e986b.txt,pending,silver_labels/pending_assignment/5c89fd8d-9663-4d7d-bbdd-a919c95e986b/labels.json,pending,b7b7c00e04f8c89e9aa021d6cd9d2a71f31ea7ea7df8f2d822365f59112d7a92
5c91528b-686c-4446-82dc-5dd830d4d7b1,5c91528b-686c-4446-82dc-5dd830d4d7b1,5c91528b-686c-4446-82dc-5dd830d4d7b1.txt,pending,silver_labels/pending_assignment/5c91528b-686c-4446-82dc-5dd830d4d7b1/labels.json,pending,34ed0a38f9f596642b388edd8fa1a760fbf463530d9b5cb76060920d1bc2a5df
5ca82a7c-ef99-444e-9147-c957ad9632ba,5ca82a7c-ef99-444e-9147-c957ad9632ba,5ca82a7c-ef99-444e-9147-c957ad9632ba.txt,pending,silver_labels/pending_assignment/5ca82a7c-ef99-444e-9147-c957ad9632ba/labels.json,pending,3ac94a9c0d8efdeec4d459901813f178e00705a4187480a69fb0d0d0fec95fa9
5d36ed94-22ec-4635-afc2-98645711b518,5d36ed94-22ec-4635-afc2-98645711b518,5d36ed94-22ec-4635-afc2-98645711b518.txt,pending,silver_labels/pending_assignment/5d36ed94-22ec-4635-afc2-98645711b518/labels.json,pending,1a57f46fc57452d6b81e62996b62c2fbc149bf7f06641fc11dbe01ca6e08d788
5e184765-66fa-4a74-9c68-410aafe76be4,5e184765-66fa-4a74-9c68-410aafe76be4,5e184765-66fa-4a74-9c68-410aafe76be4.txt,pending,silver_labels/pending_assignment/5e184765-66fa-4a74-9c68-410aafe76be4/labels.json,pending,7a9b0cdba55ebd09cb467d6ca07cb56cee1f30917dfeed45fde2e2b13124fcd7
5e6434fa-16f7-47e2-b4bd-60b0ec9e7fbc,5e6434fa-16f7-47e2-b4bd-60b0ec9e7fbc,5e6434fa-16f7-47e2-b4bd-60b0ec9e7fbc.txt,pending,silver_labels/pending_assignment/5e6434fa-16f7-47e2-b4bd-60b0ec9e7fbc/labels.json,pending,1cb40202d0327154290b26020ab3145ab2d01efb6eda3f94e85ec3ca977e369d
5f968cf3-3b7f-4aef-9952-6be9e9f31db9,5f968cf3-3b7f-4aef-9952-6be9e9f31db9,5f968cf3-3b7f-4aef-9952-6be9e9f31db9.txt,pending,silver_labels/pending_assignment/5f968cf3-3b7f-4aef-9952-6be9e9f31db9/labels.json,pending,0c6b177ee80c74458d1169a980144489878516ce94a7d1690c85109bac917c52
5fc4e5e5-8cbe-4680-a2b7-ff0c0bfd7c04,5fc4e5e5-8cbe-4680-a2b7-ff0c0bfd7c04,5fc4e5e5-8cbe-4680-a2b7-ff0c0bfd7c04.txt,pending,silver_labels/pending_assignment/5fc4e5e5-8cbe-4680-a2b7-ff0c0bfd7c04/labels.json,pending,9f455a4a2b0eb4e8e105ea4dd091d736b5d0e1d3e4277c0a5adcfc219ccb5de6
5fcf9d0c-2f1d-44e5-bfc2-585ba1951f71,5fcf9d0c-2f1d-44e5-bfc2-585ba1951f71,5fcf9d0c-2f1d-44e5-bfc2-585ba1951f71.txt,pending,silver_labels/pending_assignment/5fcf9d0c-2f1d-44e5-bfc2-585ba1951f71/labels.json,pending,1c1775bf736498544049c4ec376c15890314a9646e7bfff7b4a3562803db0106
5fe1c8f2-3ab2-4366-9d69-f76c58aad79d,5fe1c8f2-3ab2-4366-9d69-f76c58aad79d,5fe1c8f2-3ab2-4366-9d69-f76c58aad79d.txt,pending,silver_labels/pending_assignment/5fe1c8f2-3ab2-4366-9d69-f76c58aad79d/labels.json,pending,0ee363e9ebcdca2dcc73992479dc6f6f50c1e54e90e87cff8d2d0ef5fc8981da
611dda66-526f-4b80-9ede-57a494457c61,611dda66-526f-4b80-9ede-57a494457c61,611dda66-526f-4b80-9ede-57a494457c61.txt,pending,silver_labels/pending_assignment/611dda66-526f-4b80-9ede-57a494457c61/labels.json,pending,ec19b986c1527bdc65a9cc32063357402a1dfc7a0463b58ecfc109fd82d6462f
631e6db0-f0af-4f55-adc5-fa218b624bd4,631e6db0-f0af-4f55-adc5-fa218b624bd4,631e6db0-f0af-4f55-adc5-fa218b624bd4.txt,pending,silver_labels/pending_assignment/631e6db0-f0af-4f55-adc5-fa218b624bd4/labels.json,pending,f1a129bd224b599e32734c73edf66ed73486b8600296bcb7f3f7662f6b5f9201
6367b953-4460-45e6-9169-4c73e3964ede,6367b953-4460-45e6-9169-4c73e3964ede,6367b953-4460-45e6-9169-4c73e3964ede.txt,pending,silver_labels/pending_assignment/6367b953-4460-45e6-9169-4c73e3964ede/labels.json,pending,6a0e444efeddc72caa005440ebecd1e6ed0c08ed11787917bfb1837a530b1f39
63e861bf-3c6c-434c-9099-c8d8ba694caf,63e861bf-3c6c-434c-9099-c8d8ba694caf,63e861bf-3c6c-434c-9099-c8d8ba694caf.txt,pending,silver_labels/pending_assignment/63e861bf-3c6c-434c-9099-c8d8ba694caf/labels.json,pending,78dd60ea634ff42449a35c4090795ecc04f69c7ee88058807816dc9b7d74c620
63eb8dfd-eb09-4eb8-9e11-b7ad7235a18c,63eb8dfd-eb09-4eb8-9e11-b7ad7235a18c,63eb8dfd-eb09-4eb8-9e11-b7ad7235a18c.txt,pending,silver_labels/pending_assignment/63eb8dfd-eb09-4eb8-9e11-b7ad7235a18c/labels.json,pending,2e289ddb39ede8a59c0fc63d565f411d6eb4f43637896fa75b2d421fb44a1f52
6508345e-7d24-4a45-93da-250485492e38,6508345e-7d24-4a45-93da-250485492e38,6508345e-7d24-4a45-93da-250485492e38.txt,pending,silver_labels/pending_assignment/6508345e-7d24-4a45-93da-250485492e38/labels.json,pending,b3a175e7812eef8ea87a706df296272a3e2d459a0405aca0df6b08b48e8d5df9
65b9bc57-6206-475d-91ec-c5696259c0d4,65b9bc57-6206-475d-91ec-c5696259c0d4,65b9bc57-6206-475d-91ec-c5696259c0d4.txt,pending,silver_labels/pending_assignment/65b9bc57-6206-475d-91ec-c5696259c0d4/labels.json,pending,c9ad5b0acc4012f6d3ce20a548d06dc0d96b2d6303292ac6754429948b0e26b2
65ec7b23-af77-449e-9b11-e431f8a3b874,65ec7b23-af77-449e-9b11-e431f8a3b874,65ec7b23-af77-449e-9b11-e431f8a3b874.txt,pending,silver_labels/pending_assignment/65ec7b23-af77-449e-9b11-e431f8a3b874/labels.json,pending,7aef58252204c861ce9760072fa38deb47b23f3c0d07a774c9c98d5f886936ea
66768810-879d-4e2f-b5f5-ecc67d298104,66768810-879d-4e2f-b5f5-ecc67d298104,66768810-879d-4e2f-b5f5-ecc67d298104.txt,pending,silver_labels/pending_assignment/66768810-879d-4e2f-b5f5-ecc67d298104/labels.json,pending,b319b9d9a73a420bc8c322ce797286fcdde9273da79ac1c8c35390fbed6ab1a5
670a5595-30d2-4917-a91a-09ddd8f5f5dc,670a5595-30d2-4917-a91a-09ddd8f5f5dc,670a5595-30d2-4917-a91a-09ddd8f5f5dc.txt,pending,silver_labels/pending_assignment/670a5595-30d2-4917-a91a-09ddd8f5f5dc/labels.json,pending,c893e4a28a2176f45cdb8c5a21c18d04f0ea4dac84b7f0ca398346eedc068a01
671a3808-df44-4bdb-9000-1078a0280eeb,671a3808-df44-4bdb-9000-1078a0280eeb,671a3808-df44-4bdb-9000-1078a0280eeb.txt,pending,silver_labels/pending_assignment/671a3808-df44-4bdb-9000-1078a0280eeb/labels.json,pending,76ff125dd9e85d5285124652dbaf2a327ebe21fe4a1c2cd2a03ff84c3d48ed30
671f9e6e-a35f-4bdc-9b61-4adb53bb1690,671f9e6e-a35f-4bdc-9b61-4adb53bb1690,671f9e6e-a35f-4bdc-9b61-4adb53bb1690.txt,pending,silver_labels/pending_assignment/671f9e6e-a35f-4bdc-9b61-4adb53bb1690/labels.json,pending,5511143f680c3518ab0e81270c7823f5befbaf5df2054960f2d5e04c073950c4
67836c1d-1334-41a0-a33a-4f788e8b6fb3,67836c1d-1334-41a0-a33a-4f788e8b6fb3,67836c1d-1334-41a0-a33a-4f788e8b6fb3.txt,pending,silver_labels/pending_assignment/67836c1d-1334-41a0-a33a-4f788e8b6fb3/labels.json,pending,4223f69067908d2c8af56fd3db82efdd1afae0702f3e2c1050f02ec72767a0bd
67a84a1f-e628-40d8-a000-baac829fd25f,67a84a1f-e628-40d8-a000-baac829fd25f,67a84a1f-e628-40d8-a000-baac829fd25f.txt,pending,silver_labels/pending_assignment/67a84a1f-e628-40d8-a000-baac829fd25f/labels.json,pending,1bd0b937b784d34d7a47542b104993ec0ac0c5be731fdfc509de94a0bab4fb30
67ab7641-8772-46ec-a23a-ababb9d194e8,67ab7641-8772-46ec-a23a-ababb9d194e8,67ab7641-8772-46ec-a23a-ababb9d194e8.txt,pending,silver_labels/pending_assignment/67ab7641-8772-46ec-a23a-ababb9d194e8/labels.json,pending,0151501fc23dbb01614e211a5797d94d30787c72b886d1126da1cc1409bc2a07
6869191b-8311-44a8-8252-0ee12a1ef3ba,6869191b-8311-44a8-8252-0ee12a1ef3ba,6869191b-8311-44a8-8252-0ee12a1ef3ba.txt,pending,silver_labels/pending_assignment/6869191b-8311-44a8-8252-0ee12a1ef3ba/labels.json,pending,143a3940c7cd4f1e8812f7419f6ac27b9efb2ba0af5d977b7f81b0bd7b4249cd
68a27e9e-2c9d-49ac-ba58-9751d402a84b,68a27e9e-2c9d-49ac-ba58-9751d402a84b,68a27e9e-2c9d-49ac-ba58-9751d402a84b.txt,pending,silver_labels/pending_assignment/68a27e9e-2c9d-49ac-ba58-9751d402a84b/labels.json,pending,54f104450dfb58de1f7c4e9a9d033d3a0cd2645d931761660ba39fbfcaf506bd
68bcb0c3-8dab-405a-a737-3e18d2f63bb8,68bcb0c3-8dab-405a-a737-3e18d2f63bb8,68bcb0c3-8dab-405a-a737-3e18d2f63bb8.txt,pending,silver_labels/pending_assignment/68bcb0c3-8dab-405a-a737-3e18d2f63bb8/labels.json,pending,db503ed607ea9349c6080ef367254f70142cca6205a80b8dc7f1b326bcda3c83
68fda301-7b65-4d25-9572-3611ae9fb128,68fda301-7b65-4d25-9572-3611ae9fb128,68fda301-7b65-4d25-9572-3611ae9fb128.txt,pending,silver_labels/pending_assignment/68fda301-7b65-4d25-9572-3611ae9fb128/labels.json,pending,fc2a4ad8a1268c11a58f782d7dfeebac060f9c0f60ef1fddbf0bfe57cfe3b563
69f68857-86f2-4357-9675-e4b2f62dad8d,69f68857-86f2-4357-9675-e4b2f62dad8d,69f68857-86f2-4357-9675-e4b2f62dad8d.txt,pending,silver_labels/pending_assignment/69f68857-86f2-4357-9675-e4b2f62dad8d/labels.json,pending,5f193e6a8b1350ebac9e244e35da75420e8d6cce13bcc617c573949673273619
6a787b82-62d0-47fa-8def-b386a91b410c,6a787b82-62d0-47fa-8def-b386a91b410c,6a787b82-62d0-47fa-8def-b386a91b410c.txt,pending,silver_labels/pending_assignment/6a787b82-62d0-47fa-8def-b386a91b410c/labels.json,pending,8f073f9a470b7c15f08ec5635da4e713bde22f8c8cbc66425d3909384154a610
6a9931b6-1b17-46a4-a78a-cdff5562c82a,6a9931b6-1b17-46a4-a78a-cdff5562c82a,6a9931b6-1b17-46a4-a78a-cdff5562c82a.txt,pending,silver_labels/pending_assignment/6a9931b6-1b17-46a4-a78a-cdff5562c82a/labels.json,pending,b73ed628033b012f95baf6fa542b78699e6d802726d39a67301c95fe85089e9b
6b1afe9d-2622-4517-b4fd-2d89d3688421,6b1afe9d-2622-4517-b4fd-2d89d3688421,6b1afe9d-2622-4517-b4fd-2d89d3688421.txt,pending,silver_labels/pending_assignment/6b1afe9d-2622-4517-b4fd-2d89d3688421/labels.json,pending,b18591d473d5504b629b80a8429cbe89c8827aa6aabcd996efebb14ec71cc40f
6c394707-0f4f-40b4-814d-81f18e20b1da,6c394707-0f4f-40b4-814d-81f18e20b1da,6c394707-0f4f-40b4-814d-81f18e20b1da.txt,pending,silver_labels/pending_assignment/6c394707-0f4f-40b4-814d-81f18e20b1da/labels.json,pending,38629eaf24e0586f079341d8ce8c1929f8092fd210cdfdfe5302164024d85d59
6c65eae9-977e-4e02-a7b9-9c8977ca0fec,6c65eae9-977e-4e02-a7b9-9c8977ca0fec,6c65eae9-977e-4e02-a7b9-9c8977ca0fec.txt,pending,silver_labels/pending_assignment/6c65eae9-977e-4e02-a7b9-9c8977ca0fec/labels.json,pending,6259ebde5c81017c1418ed5cc6785cf68e897f445c6cbf0944637090ed1d9d42
6ce9f678-15c4-424c-bf3f-b4e2f47a8818,6ce9f678-15c4-424c-bf3f-b4e2f47a8818,6ce9f678-15c4-424c-bf3f-b4e2f47a8818.txt,pending,silver_labels/pending_assignment/6ce9f678-15c4-424c-bf3f-b4e2f47a8818/labels.json,pending,5f4a4e4758f2b3e838245ef9fbae73da7b649a464536eb20c157e8b09e62e6ba
6d936bf9-9bdb-4755-83dd-01b115fe2786,6d936bf9-9bdb-4755-83dd-01b115fe2786,6d936bf9-9bdb-4755-83dd-01b115fe2786.txt,pending,silver_labels/pending_assignment/6d936bf9-9bdb-4755-83dd-01b115fe2786/labels.json,pending,c293ec3c0306c8512fb3ec9f1db4581a9f9a11a30c70bab5347992231c11feba
6e7ee9b5-665c-43ee-982b-563887fed446,6e7ee9b5-665c-43ee-982b-563887fed446,6e7ee9b5-665c-43ee-982b-563887fed446.txt,pending,silver_labels/pending_assignment/6e7ee9b5-665c-43ee-982b-563887fed446/labels.json,pending,64326a7d5a810395ab1cd340f75edbb7c608136a2cf3156e9fa18d97dabadb77
6ef72bdf-4e7a-461b-af13-7fa3c432a57a,6ef72bdf-4e7a-461b-af13-7fa3c432a57a,6ef72bdf-4e7a-461b-af13-7fa3c432a57a.txt,pending,silver_labels/pending_assignment/6ef72bdf-4e7a-461b-af13-7fa3c432a57a/labels.json,pending,e3c2ba00ab7e9201835efb0ae90c69b75cf6cdc2003988ba8df54336abf7f50d
6f6900a6-098d-4034-aa06-43339769adbe,6f6900a6-098d-4034-aa06-43339769adbe,6f6900a6-098d-4034-aa06-43339769adbe.txt,pending,silver_labels/pending_assignment/6f6900a6-098d-4034-aa06-43339769adbe/labels.json,pending,a05b07f710c8f8fee4b8b904499263d154c46e631a7cd603852f1c17b1a6a943
6f7b1b32-ff36-403b-af52-cbe85dd4e407,6f7b1b32-ff36-403b-af52-cbe85dd4e407,6f7b1b32-ff36-403b-af52-cbe85dd4e407.txt,pending,silver_labels/pending_assignment/6f7b1b32-ff36-403b-af52-cbe85dd4e407/labels.json,pending,446e4ebc8e9f8e2ea639000f3a9449cb7a2cb72b44cf813ddce43cf97625ce39
70dea9ad-baf7-4699-96a3-642508a8f69e,70dea9ad-baf7-4699-96a3-642508a8f69e,70dea9ad-baf7-4699-96a3-642508a8f69e.txt,pending,silver_labels/pending_assignment/70dea9ad-baf7-4699-96a3-642508a8f69e/labels.json,pending,13f39d3bcd9993f0e89da00a92ce4100811679cd70fa77b5fa808821ba77373c
7193181e-85e5-4c31-96f7-d4f38c312f71,7193181e-85e5-4c31-96f7-d4f38c312f71,7193181e-85e5-4c31-96f7-d4f38c312f71.txt,pending,silver_labels/pending_assignment/7193181e-85e5-4c31-96f7-d4f38c312f71/labels.json,pending,4106611c6c03363aa0a068b8e37ef2762da2fb2b277d1e837923e061a1af6e1d
722c57d7-fe54-41b3-b3d1-04830c2b3148,722c57d7-fe54-41b3-b3d1-04830c2b3148,722c57d7-fe54-41b3-b3d1-04830c2b3148.txt,pending,silver_labels/pending_assignment/722c57d7-fe54-41b3-b3d1-04830c2b3148/labels.json,pending,ad19f2cfd2fc08c13307604ee6d89b5690fcb27b68243bf88a27a5ea2c381062
7253c38f-1439-462d-b699-d4712a9bf093,7253c38f-1439-462d-b699-d4712a9bf093,7253c38f-1439-462d-b699-d4712a9bf093.txt,pending,silver_labels/pending_assignment/7253c38f-1439-462d-b699-d4712a9bf093/labels.json,pending,6ee5c331cab1ee07328a075a5081d191bc6e9932036844eb4a33789080b4b6c1
72ab1fc0-4e9a-4b21-8ff1-81a9ae0a37ef,72ab1fc0-4e9a-4b21-8ff1-81a9ae0a37ef,72ab1fc0-4e9a-4b21-8ff1-81a9ae0a37ef.txt,pending,silver_labels/pending_assignment/72ab1fc0-4e9a-4b21-8ff1-81a9ae0a37ef/labels.json,pending,d61c961016639655a09d49df328609505385fd6de38dad835bc09ed0599ac64c
72b33144-a3da-4a23-ada2-ba21f9e973bc,72b33144-a3da-4a23-ada2-ba21f9e973bc,72b33144-a3da-4a23-ada2-ba21f9e973bc.txt,pending,silver_labels/pending_assignment/72b33144-a3da-4a23-ada2-ba21f9e973bc/labels.json,pending,2d0c9a42151a7091d4bf19e156b26f6779d162e4511b296a3bee6b72676d1828
73162393-05b0-4ed5-a8dd-ca0cf2faf9a8,73162393-05b0-4ed5-a8dd-ca0cf2faf9a8,73162393-05b0-4ed5-a8dd-ca0cf2faf9a8.txt,pending,silver_labels/pending_assignment/73162393-05b0-4ed5-a8dd-ca0cf2faf9a8/labels.json,pending,f3d9d19255e4946b5fdc17c0d8a850c87bcddafcd35192376e7728edf9dd6825
73c201ef-8c32-43d4-b642-dcedf4aa5c7f,73c201ef-8c32-43d4-b642-dcedf4aa5c7f,73c201ef-8c32-43d4-b642-dcedf4aa5c7f.txt,pending,silver_labels/pending_assignment/73c201ef-8c32-43d4-b642-dcedf4aa5c7f/labels.json,pending,621be8654b429eb398fd0bcd608bb0d84a52203a3ec1c28dc25a9e0d739eae04
74566dc5-b8cd-4835-91ec-7e4e245dc318,74566dc5-b8cd-4835-91ec-7e4e245dc318,74566dc5-b8cd-4835-91ec-7e4e245dc318.txt,pending,silver_labels/pending_assignment/74566dc5-b8cd-4835-91ec-7e4e245dc318/labels.json,pending,df046d05562a2d7660280f5b5ab6a5d51331230d7f779ac4de5d1a1c1ffcc3c6
7463ac49-ae39-44f9-8a77-7d94ddf0a46a,7463ac49-ae39-44f9-8a77-7d94ddf0a46a,7463ac49-ae39-44f9-8a77-7d94ddf0a46a.txt,pending,silver_labels/pending_assignment/7463ac49-ae39-44f9-8a77-7d94ddf0a46a/labels.json,pending,c00ed1c98b0098250b72b52f5dfb9ace019c8d85ca23b35deb3e2be9a21f9226
747bcb23-a508-4662-a525-1c99a35fd71b,747bcb23-a508-4662-a525-1c99a35fd71b,747bcb23-a508-4662-a525-1c99a35fd71b.txt,pending,silver_labels/pending_assignment/747bcb23-a508-4662-a525-1c99a35fd71b/labels.json,pending,e88eeaa45e72c38b7dd096c345d410d71d6250dc9911505b3e705f2c3700165c
748a93e0-323c-444d-985c-6540295e26de,748a93e0-323c-444d-985c-6540295e26de,748a93e0-323c-444d-985c-6540295e26de.txt,pending,silver_labels/pending_assignment/748a93e0-323c-444d-985c-6540295e26de/labels.json,pending,90fd95128ed3bf8a3c021c79fa60761e25b5567a2c9e53f9813a8fa75b8ab4f3
7580acaa-c235-4550-90e3-db781f7787a4,7580acaa-c235-4550-90e3-db781f7787a4,7580acaa-c235-4550-90e3-db781f7787a4.txt,pending,silver_labels/pending_assignment/7580acaa-c235-4550-90e3-db781f7787a4/labels.json,pending,312669f8514ae4cdb86d483537cbea1f94255fa81c73490f3a0f337f19b13d5a
763e8646-5acc-465f-8a86-68140f28a301,763e8646-5acc-465f-8a86-68140f28a301,763e8646-5acc-465f-8a86-68140f28a301.txt,pending,silver_labels/pending_assignment/763e8646-5acc-465f-8a86-68140f28a301/labels.json,pending,edd9a131bd63cf72569d055595b7c03dab6a2d95e74c6d78a63453d5960954f3
776df112-4de3-40af-8db6-74adffe95ace,776df112-4de3-40af-8db6-74adffe95ace,776df112-4de3-40af-8db6-74adffe95ace.txt,pending,silver_labels/pending_assignment/776df112-4de3-40af-8db6-74adffe95ace/labels.json,pending,1e898f2b4c1cc19b7ca562a22d9583bf48d33ca8b6bd5b318e255725fa3fddc3
777e03b5-425e-43eb-af4f-d8dbb313c319,777e03b5-425e-43eb-af4f-d8dbb313c319,777e03b5-425e-43eb-af4f-d8dbb313c319.txt,pending,silver_labels/pending_assignment/777e03b5-425e-43eb-af4f-d8dbb313c319/labels.json,pending,45f879d0b21471824292300546732b85ac47aead5bd7903a2e4d38e5c3acfac9
77b4db2b-38f4-40ef-8b6a-cce0d6095197,77b4db2b-38f4-40ef-8b6a-cce0d6095197,77b4db2b-38f4-40ef-8b6a-cce0d6095197.txt,pending,silver_labels/pending_assignment/77b4db2b-38f4-40ef-8b6a-cce0d6095197/labels.json,pending,ac33064cabc6dc6710e465a8ba6de1fd6d44d6679f44f82253cb31c116b97c92
782a11f3-337b-4794-8888-82aca3675442,782a11f3-337b-4794-8888-82aca3675442,782a11f3-337b-4794-8888-82aca3675442.txt,pending,silver_labels/pending_assignment/782a11f3-337b-4794-8888-82aca3675442/labels.json,pending,78c2323fa50afb64913e7dc74313bbb54451898a7831bf44ccb7bc4230dc9993
7846e1d4-2b36-47c4-b6a0-51763fb72c2c,7846e1d4-2b36-47c4-b6a0-51763fb72c2c,7846e1d4-2b36-47c4-b6a0-51763fb72c2c.txt,pending,silver_labels/pending_assignment/7846e1d4-2b36-47c4-b6a0-51763fb72c2c/labels.json,pending,b158e1a33d2b2ddd25829c3f0292d77c811e76bd4db9717a23add008eac69db0
788b1fd3-1c7f-447e-9507-85cac67ce378,788b1fd3-1c7f-447e-9507-85cac67ce378,788b1fd3-1c7f-447e-9507-85cac67ce378.txt,pending,silver_labels/pending_assignment/788b1fd3-1c7f-447e-9507-85cac67ce378/labels.json,pending,4be3a86065ce6efb253ca042e785b4c5807da7f4393f82d338a99defad67f42a
7a2f47af-d76d-495c-b592-40bf92a221c4,7a2f47af-d76d-495c-b592-40bf92a221c4,7a2f47af-d76d-495c-b592-40bf92a221c4.txt,pending,silver_labels/pending_assignment/7a2f47af-d76d-495c-b592-40bf92a221c4/labels.json,pending,c86ed070a7ec7b70222fdf0907370adf9ed29e3280c670e496002ab1f9e96817
7a47e9ed-6bfa-499f-811b-f9e2bffc2770,7a47e9ed-6bfa-499f-811b-f9e2bffc2770,7a47e9ed-6bfa-499f-811b-f9e2bffc2770.txt,pending,silver_labels/pending_assignment/7a47e9ed-6bfa-499f-811b-f9e2bffc2770/labels.json,pending,bbea35e69b3a2097032566ab901f30e3ffb17121c62ae35e45b37216e7aa483d
7a9841f0-c22d-48c5-a469-5ab0b4a4f9e4,7a9841f0-c22d-48c5-a469-5ab0b4a4f9e4,7a9841f0-c22d-48c5-a469-5ab0b4a4f9e4.txt,pending,silver_labels/pending_assignment/7a9841f0-c22d-48c5-a469-5ab0b4a4f9e4/labels.json,pending,fc695d20eab07e5067c288ffd8aea8e2440a0b1f03cc4811103744122ce03e87
7b0c2ca2-e2cc-4b72-a930-b52ad2dba8ae,7b0c2ca2-e2cc-4b72-a930-b52ad2dba8ae,7b0c2ca2-e2cc-4b72-a930-b52ad2dba8ae.txt,pending,silver_labels/pending_assignment/7b0c2ca2-e2cc-4b72-a930-b52ad2dba8ae/labels.json,pending,5041af9a279a367e8fe7970382c738df2671a5db3bfc3e0b26fb79f78c4cbe4a
7bcf6ed5-b8f4-4575-a8b1-ae26d37d45e9,7bcf6ed5-b8f4-4575-a8b1-ae26d37d45e9,7bcf6ed5-b8f4-4575-a8b1-ae26d37d45e9.txt,pending,silver_labels/pending_assignment/7bcf6ed5-b8f4-4575-a8b1-ae26d37d45e9/labels.json,pending,340b91179f0248ae32b3f665c1d61b4465714094eff8a349ec08e2e224645517
7c41de7f-b269-4431-ba03-ae25f1c269e4,7c41de7f-b269-4431-ba03-ae25f1c269e4,7c41de7f-b269-4431-ba03-ae25f1c269e4.txt,pending,silver_labels/pending_assignment/7c41de7f-b269-4431-ba03-ae25f1c269e4/labels.json,pending,6083cdb6148adc7becf8639c31f739ac2f588ab616a54aa2b540bf78277a8405
7c791294-8145-49c8-99c4-e44e8b95fb41,7c791294-8145-49c8-99c4-e44e8b95fb41,7c791294-8145-49c8-99c4-e44e8b95fb41.txt,pending,silver_labels/pending_assignment/7c791294-8145-49c8-99c4-e44e8b95fb41/labels.json,pending,424a6d4dd095125225649731c134dd48f010b178a358f45cd8b66f4d5f666616
7c9458fd-c9f2-4b05-956c-33cd6c506d72,7c9458fd-c9f2-4b05-956c-33cd6c506d72,7c9458fd-c9f2-4b05-956c-33cd6c506d72.txt,pending,silver_labels/pending_assignment/7c9458fd-c9f2-4b05-956c-33cd6c506d72/labels.json,pending,27e3dfb8daeb39501715942194bf4c6b7ff1ca1d278c10e024453a0b1e056591
7cda8619-2b2d-4344-901e-2e6de0a6101a,7cda8619-2b2d-4344-901e-2e6de0a6101a,7cda8619-2b2d-4344-901e-2e6de0a6101a.txt,pending,silver_labels/pending_assignment/7cda8619-2b2d-4344-901e-2e6de0a6101a/labels.json,pending,9f0d499394d04f975646a9790af8cf7ce21d2d594a5cc8ffc90199e041cacb33
7d277fea-f43d-4a79-9027-ba1e3d866c2c,7d277fea-f43d-4a79-9027-ba1e3d866c2c,7d277fea-f43d-4a79-9027-ba1e3d866c2c.txt,pending,silver_labels/pending_assignment/7d277fea-f43d-4a79-9027-ba1e3d866c2c/labels.json,pending,656d3711345a0502bd7849c907691aad039da8e74b9eff2f3952cb509e4cc009
7d9949bb-15a7-4b72-9e1c-2c68775fb95d,7d9949bb-15a7-4b72-9e1c-2c68775fb95d,7d9949bb-15a7-4b72-9e1c-2c68775fb95d.txt,pending,silver_labels/pending_assignment/7d9949bb-15a7-4b72-9e1c-2c68775fb95d/labels.json,pending,937d81f055be6a4c59cc378910f6e84bdb37646d209733aa3b86666052e65bb2
7dd83cc7-3562-4e98-bd38-ac8a90336a42,7dd83cc7-3562-4e98-bd38-ac8a90336a42,7dd83cc7-3562-4e98-bd38-ac8a90336a42.txt,pending,silver_labels/pending_assignment/7dd83cc7-3562-4e98-bd38-ac8a90336a42/labels.json,pending,5c67c6aea50eb29c4c52d01e02f0d16445b65885c28bdf12ef8d2fc98c6b1c1b
7dfedc6e-c3c9-4d43-a21c-ebf8a230d116,7dfedc6e-c3c9-4d43-a21c-ebf8a230d116,7dfedc6e-c3c9-4d43-a21c-ebf8a230d116.txt,pending,silver_labels/pending_assignment/7dfedc6e-c3c9-4d43-a21c-ebf8a230d116/labels.json,pending,2733833f8cdfb817b6eca8d410643a709a62b912234df5f96b766c2b626afa62
7e6aa47d-10b5-4603-aee5-c2c1f2c8aa25,7e6aa47d-10b5-4603-aee5-c2c1f2c8aa25,7e6aa47d-10b5-4603-aee5-c2c1f2c8aa25.txt,pending,silver_labels/pending_assignment/7e6aa47d-10b5-4603-aee5-c2c1f2c8aa25/labels.json,pending,85aa2e97eb380bd6d263228f2a29aa65bae77718d1dfc8816e5d9703de67047d
7eb00e0d-90e4-4310-86ab-616b4e498765,7eb00e0d-90e4-4310-86ab-616b4e498765,7eb00e0d-90e4-4310-86ab-616b4e498765.txt,pending,silver_labels/pending_assignment/7eb00e0d-90e4-4310-86ab-616b4e498765/labels.json,pending,f89a06bcbfab10a2800ea0eef6fc74673fe301e7418c50bfa58ca2c1f757b0f4
7f32f80f-9412-43c2-87c1-df810a781a94,7f32f80f-9412-43c2-87c1-df810a781a94,7f32f80f-9412-43c2-87c1-df810a781a94.txt,pending,silver_labels/pending_assignment/7f32f80f-9412-43c2-87c1-df810a781a94/labels.json,pending,ee1bfaa9ee7387c9436b13f8e60a2738a3ca648b33d4b6c5b28a9e966fefd44d
8013339f-3154-4547-a791-42df23095ceb,8013339f-3154-4547-a791-42df23095ceb,8013339f-3154-4547-a791-42df23095ceb.txt,pending,silver_labels/pending_assignment/8013339f-3154-4547-a791-42df23095ceb/labels.json,pending,6d0f8de18a6a48ca3678b80ad42e4e0f63ae5d05cd7a67686bafcebe06e3e3cd
8016c17f-ffbf-48f5-9745-df1bf39c3aa3,8016c17f-ffbf-48f5-9745-df1bf39c3aa3,8016c17f-ffbf-48f5-9745-df1bf39c3aa3.txt,pending,silver_labels/pending_assignment/8016c17f-ffbf-48f5-9745-df1bf39c3aa3/labels.json,pending,5a3eeab2325a9f53a80025bb309a5e1f66110bb201a932e4f4930e1cb3f2b426
8038cbde-d102-4099-9ea9-16049f148300,8038cbde-d102-4099-9ea9-16049f148300,8038cbde-d102-4099-9ea9-16049f148300.txt,pending,silver_labels/pending_assignment/8038cbde-d102-4099-9ea9-16049f148300/labels.json,pending,9e6addb8858bf1e83a42b7bcc3ccacdf143bb34336db49071dcdb7acfee17f82
81c7bd01-7cbd-43e5-ab62-53e24f3ccf7c,81c7bd01-7cbd-43e5-ab62-53e24f3ccf7c,81c7bd01-7cbd-43e5-ab62-53e24f3ccf7c.txt,pending,silver_labels/pending_assignment/81c7bd01-7cbd-43e5-ab62-53e24f3ccf7c/labels.json,pending,e036360b1ad781c2428c40af9c5349f5ba11e58a1b225f04273feedfdc9c22fa
81f75ece-fc36-405f-a281-a28213a8707d,81f75ece-fc36-405f-a281-a28213a8707d,81f75ece-fc36-405f-a281-a28213a8707d.txt,pending,silver_labels/pending_assignment/81f75ece-fc36-405f-a281-a28213a8707d/labels.json,pending,aab7f7468c504b33b15bee1cb1b9dbb08a68393f16c4e64048e269197381bb5b
826378b6-4c2b-4309-b66e-2a0a6b8fc162,826378b6-4c2b-4309-b66e-2a0a6b8fc162,826378b6-4c2b-4309-b66e-2a0a6b8fc162.txt,pending,silver_labels/pending_assignment/826378b6-4c2b-4309-b66e-2a0a6b8fc162/labels.json,pending,a819f80373b0db3a9fda2b87fb19c50a558935fdce5cd38d02d3b3a2d1861ffb
8287d05f-f9d4-46d8-bb41-6a2e7b46987b,8287d05f-f9d4-46d8-bb41-6a2e7b46987b,8287d05f-f9d4-46d8-bb41-6a2e7b46987b.txt,pending,silver_labels/pending_assignment/8287d05f-f9d4-46d8-bb41-6a2e7b46987b/labels.json,pending,f9e4ffad80f45c0990cb2615d8566186afce6008160923f2a19fa55eae4f727c
829fe46c-948c-4a8a-8690-356777cd1d5a,829fe46c-948c-4a8a-8690-356777cd1d5a,829fe46c-948c-4a8a-8690-356777cd1d5a.txt,pending,silver_labels/pending_assignment/829fe46c-948c-4a8a-8690-356777cd1d5a/labels.json,pending,87657120889b1112301f62143f704e6b22c617e8a569d343d59055d744475843
82af78ef-4d4f-4bd3-8d20-7daa70adff61,82af78ef-4d4f-4bd3-8d20-7daa70adff61,82af78ef-4d4f-4bd3-8d20-7daa70adff61.txt,pending,silver_labels/pending_assignment/82af78ef-4d4f-4bd3-8d20-7daa70adff61/labels.json,pending,23ac53e96afdd0da1691b8ada60610849d8a66356597764ca5f93c8f8c3a0bfd
844752ba-d440-4c9c-8a90-f8e641c4b305,844752ba-d440-4c9c-8a90-f8e641c4b305,844752ba-d440-4c9c-8a90-f8e641c4b305.txt,pending,silver_labels/pending_assignment/844752ba-d440-4c9c-8a90-f8e641c4b305/labels.json,pending,dfb8d688696d1a77ab0d553e1cdecfacd10a9293964b8552104de37ce9faf873
84842960-26e4-4adf-8de0-e6319684d69f,84842960-26e4-4adf-8de0-e6319684d69f,84842960-26e4-4adf-8de0-e6319684d69f.txt,pending,silver_labels/pending_assignment/84842960-26e4-4adf-8de0-e6319684d69f/labels.json,pending,facda34067a65868e033e596c4e8ade99f7ae3f9e9fd7f2a4f3118444d207107
84a41c3d-d43c-40c9-bcdd-ba3edb6dc7d6,84a41c3d-d43c-40c9-bcdd-ba3edb6dc7d6,84a41c3d-d43c-40c9-bcdd-ba3edb6dc7d6.txt,pending,silver_labels/pending_assignment/84a41c3d-d43c-40c9-bcdd-ba3edb6dc7d6/labels.json,pending,e69109f250daf59ae7bbfedeb35b45880f4c0a1e74276ebf616933093764f1ae
84dfe7e5-5d17-43d2-a0db-d63cf67c8367,84dfe7e5-5d17-43d2-a0db-d63cf67c8367,84dfe7e5-5d17-43d2-a0db-d63cf67c8367.txt,pending,silver_labels/pending_assignment/84dfe7e5-5d17-43d2-a0db-d63cf67c8367/labels.json,pending,97815ebb5cc7b71aa5511998898115c4a51c90c7ed123f46869b93d07b8e631a
8579117f-bc62-4472-a9d6-731b627f4ed0,8579117f-bc62-4472-a9d6-731b627f4ed0,8579117f-bc62-4472-a9d6-731b627f4ed0.txt,pending,silver_labels/pending_assignment/8579117f-bc62-4472-a9d6-731b627f4ed0/labels.json,pending,d07058433cadf31deba4c6934d297d1042e3b3e72299fc77cb31879777ef8cc2
8610697a-bd21-480e-9973-7da048d82c3b,8610697a-bd21-480e-9973-7da048d82c3b,8610697a-bd21-480e-9973-7da048d82c3b.txt,pending,silver_labels/pending_assignment/8610697a-bd21-480e-9973-7da048d82c3b/labels.json,pending,abeb2e518ece175fce63162645fa46e06d00ae820b11220766baace9573b7231
863be6a8-2c9b-4cfb-868a-71bcd4c54802,863be6a8-2c9b-4cfb-868a-71bcd4c54802,863be6a8-2c9b-4cfb-868a-71bcd4c54802.txt,pending,silver_labels/pending_assignment/863be6a8-2c9b-4cfb-868a-71bcd4c54802/labels.json,pending,3b93acbe988c5836755d4d79e08d45a9e427bcd488614dfcebda0612ac0e3248
86db5ff5-3c2c-45e1-b038-e89e6e103400,86db5ff5-3c2c-45e1-b038-e89e6e103400,86db5ff5-3c2c-45e1-b038-e89e6e103400.txt,pending,silver_labels/pending_assignment/86db5ff5-3c2c-45e1-b038-e89e6e103400/labels.json,pending,6c4ad9e5bb15e90c236458b6d5bbe2e9bb1db159c836107213a206c5d897972b
87f8278a-1952-4aa2-92c3-6ad3ba3e562a,87f8278a-1952-4aa2-92c3-6ad3ba3e562a,87f8278a-1952-4aa2-92c3-6ad3ba3e562a.txt,pending,silver_labels/pending_assignment/87f8278a-1952-4aa2-92c3-6ad3ba3e562a/labels.json,pending,d8ec54cb9893d25cbc41e81d289d9ecabff9e2a41ee54ad7cf1dca4a36444009
885658fd-8cec-4889-a1d9-dcb6b07ac677,885658fd-8cec-4889-a1d9-dcb6b07ac677,885658fd-8cec-4889-a1d9-dcb6b07ac677.txt,pending,silver_labels/pending_assignment/885658fd-8cec-4889-a1d9-dcb6b07ac677/labels.json,pending,d88834c92f67aa4ad55cfe33d9f017e92c7c2c56d2665e4fc6c511d1441b46af
885fbe61-96bb-4644-8629-9af34557eacf,885fbe61-96bb-4644-8629-9af34557eacf,885fbe61-96bb-4644-8629-9af34557eacf.txt,pending,silver_labels/pending_assignment/885fbe61-96bb-4644-8629-9af34557eacf/labels.json,pending,9cdeef7e9cb66c8a01eedbc5f0cbff486e0e5ad63e0fa73adb60bfa355c5ee57
889978ac-40cd-4dc0-bb79-39334f6037e2,889978ac-40cd-4dc0-bb79-39334f6037e2,889978ac-40cd-4dc0-bb79-39334f6037e2.txt,pending,silver_labels/pending_assignment/889978ac-40cd-4dc0-bb79-39334f6037e2/labels.json,pending,2f69642b03d3a818f2effc17ab96bb250ed6e57ac0a2e674747d374ccbe833da
8905eed1-c670-46a6-98a3-271969b44927,8905eed1-c670-46a6-98a3-271969b44927,8905eed1-c670-46a6-98a3-271969b44927.txt,pending,silver_labels/pending_assignment/8905eed1-c670-46a6-98a3-271969b44927/labels.json,pending,8f17511845facf80a4926478a587d64c38dc75f901274deb514ae310d33873ae
89e4bd51-11dd-4b48-a049-aefc8b0bc604,89e4bd51-11dd-4b48-a049-aefc8b0bc604,89e4bd51-11dd-4b48-a049-aefc8b0bc604.txt,pending,silver_labels/pending_assignment/89e4bd51-11dd-4b48-a049-aefc8b0bc604/labels.json,pending,20f4bc8231e3e4c11335a78cf376d6f66c87ace85a89c203be87b751c66e5ed4
8a5c1257-8159-4bd5-881e-7537d40c1a22,8a5c1257-8159-4bd5-881e-7537d40c1a22,8a5c1257-8159-4bd5-881e-7537d40c1a22.txt,pending,silver_labels/pending_assignment/8a5c1257-8159-4bd5-881e-7537d40c1a22/labels.json,pending,4fc9766f28a71ca02f493b9375ae992a23ad39b54658b38c4bb28612ca696598
8a852635-85e0-4b09-8004-ad3d7de925d5,8a852635-85e0-4b09-8004-ad3d7de925d5,8a852635-85e0-4b09-8004-ad3d7de925d5.txt,pending,silver_labels/pending_assignment/8a852635-85e0-4b09-8004-ad3d7de925d5/labels.json,pending,020e5d209824db5399e8faa7c3e6dddd4f5a19d5574bb5b43595a12abc61daf2
8b0ecdda-eb47-420e-8a79-a41e64a40b09,8b0ecdda-eb47-420e-8a79-a41e64a40b09,8b0ecdda-eb47-420e-8a79-a41e64a40b09.txt,pending,silver_labels/pending_assignment/8b0ecdda-eb47-420e-8a79-a41e64a40b09/labels.json,pending,8dd2df19ed32d99a66f2f0d73fb61cf01bb0d6f56ab456b6b07292fb5afcb57e
8bc5f32a-afbc-40d0-9037-9baef0e7182c,8bc5f32a-afbc-40d0-9037-9baef0e7182c,8bc5f32a-afbc-40d0-9037-9baef0e7182c.txt,pending,silver_labels/pending_assignment/8bc5f32a-afbc-40d0-9037-9baef0e7182c/labels.json,pending,3026eae72ba43360e3fe8a84727bd82a6862ac82abfb2e1aa3a69cf0745c467e
8bf369ea-ab22-4723-ba24-caeff2204a9e,8bf369ea-ab22-4723-ba24-caeff2204a9e,8bf369ea-ab22-4723-ba24-caeff2204a9e.txt,pending,silver_labels/pending_assignment/8bf369ea-ab22-4723-ba24-caeff2204a9e/labels.json,pending,e63291f11733968fcc9d77af45d79e04b7b172c4ba54b806f09aaaf03b73e20c
8c19ef18-4f48-4938-a2fe-f489af906df7,8c19ef18-4f48-4938-a2fe-f489af906df7,8c19ef18-4f48-4938-a2fe-f489af906df7.txt,pending,silver_labels/pending_assignment/8c19ef18-4f48-4938-a2fe-f489af906df7/labels.json,pending,0e9725c19370d3efcb4bb4d173df578e59ad1d986f0de2e6a8efdbe386827e84
8caf8ef8-b35c-409a-a0ad-953925ed3a2a,8caf8ef8-b35c-409a-a0ad-953925ed3a2a,8caf8ef8-b35c-409a-a0ad-953925ed3a2a.txt,pending,silver_labels/pending_assignment/8caf8ef8-b35c-409a-a0ad-953925ed3a2a/labels.json,pending,b17e3ff02bae9c158c23e9c4550a4b95c4ea79b8697cfd3756d84fe7c4926168
8d38d01e-ab10-4ec3-8182-175be4e4be2b,8d38d01e-ab10-4ec3-8182-175be4e4be2b,8d38d01e-ab10-4ec3-8182-175be4e4be2b.txt,pending,silver_labels/pending_assignment/8d38d01e-ab10-4ec3-8182-175be4e4be2b/labels.json,pending,51c431d6cf6807b5245a532fc2136a37223b732b915b9c17794a5a6e8c2dab92
8de72bfa-931b-4d91-abdd-7fa0053db775,8de72bfa-931b-4d91-abdd-7fa0053db775,8de72bfa-931b-4d91-abdd-7fa0053db775.txt,pending,silver_labels/pending_assignment/8de72bfa-931b-4d91-abdd-7fa0053db775/labels.json,pending,a4a6346bb6166a776bcdd4bc17a457287771609831cbd16c257bf11c285cd331
8e00da37-7586-4718-922e-feac93b75553,8e00da37-7586-4718-922e-feac93b75553,8e00da37-7586-4718-922e-feac93b75553.txt,pending,silver_labels/pending_assignment/8e00da37-7586-4718-922e-feac93b75553/labels.json,pending,6f8d6335a308c109099404ba89dda6983a05d1f27e340ec351a0369046003c00
8e525c27-7d72-4aad-84fc-7bffbe15a0c3,8e525c27-7d72-4aad-84fc-7bffbe15a0c3,8e525c27-7d72-4aad-84fc-7bffbe15a0c3.txt,pending,silver_labels/pending_assignment/8e525c27-7d72-4aad-84fc-7bffbe15a0c3/labels.json,pending,321308308ccc4390629856b59ff8aca24331ba895906568648743c379d6c68cc
8e921771-ab17-4891-9262-56530800ac00,8e921771-ab17-4891-9262-56530800ac00,8e921771-ab17-4891-9262-56530800ac00.txt,pending,silver_labels/pending_assignment/8e921771-ab17-4891-9262-56530800ac00/labels.json,pending,ad9afa9e44e942089e4507c2e50215062a9dedc86a014275e9bc758c60bea216
8ee74838-737b-4093-b4e6-424dd7f4b347,8ee74838-737b-4093-b4e6-424dd7f4b347,8ee74838-737b-4093-b4e6-424dd7f4b347.txt,pending,silver_labels/pending_assignment/8ee74838-737b-4093-b4e6-424dd7f4b347/labels.json,pending,07dbceb3370e8f5972f916d5af6d3504acfce3fbe7bc94e76d7f4a440bb39546
8fa48307-dc73-4a67-96ed-85b73cf8f8ea,8fa48307-dc73-4a67-96ed-85b73cf8f8ea,8fa48307-dc73-4a67-96ed-85b73cf8f8ea.txt,pending,silver_labels/pending_assignment/8fa48307-dc73-4a67-96ed-85b73cf8f8ea/labels.json,pending,2dc7ab4bbe1df6fc625f34f8466bb60831e50f5b716f460c2433f29682196b4b
8fb541d2-030b-46ad-9b94-77b6989cd555,8fb541d2-030b-46ad-9b94-77b6989cd555,8fb541d2-030b-46ad-9b94-77b6989cd555.txt,pending,silver_labels/pending_assignment/8fb541d2-030b-46ad-9b94-77b6989cd555/labels.json,pending,f19b919d602e9ef9f54e4d467e9c707d3d0560ec873c4029328dde731a7de3de
8fdc1837-7c68-4eb7-8a15-1fe0abdba373,8fdc1837-7c68-4eb7-8a15-1fe0abdba373,8fdc1837-7c68-4eb7-8a15-1fe0abdba373.txt,pending,silver_labels/pending_assignment/8fdc1837-7c68-4eb7-8a15-1fe0abdba373/labels.json,pending,ac927cc621109c9575daa07e6b23e536d920f2dd81bb9ecfd45beb48692ecc6f
9109deac-7168-49b9-918c-a7fd955b45a9,9109deac-7168-49b9-918c-a7fd955b45a9,9109deac-7168-49b9-918c-a7fd955b45a9.txt,pending,silver_labels/pending_assignment/9109deac-7168-49b9-918c-a7fd955b45a9/labels.json,pending,66edd897471f10b4bf8be8e218565b1460b63643502a317be3d20f213f04cdc6
911bdf35-886c-451d-a26e-7b841cb17806,911bdf35-886c-451d-a26e-7b841cb17806,911bdf35-886c-451d-a26e-7b841cb17806.txt,pending,silver_labels/pending_assignment/911bdf35-886c-451d-a26e-7b841cb17806/labels.json,pending,d6d664d21aa50c8664a6502360a0402739ba4151446397f64e00ab63e14080e7
9123e35d-aee3-42a2-ab48-190f59d2fcc8,9123e35d-aee3-42a2-ab48-190f59d2fcc8,9123e35d-aee3-42a2-ab48-190f59d2fcc8.txt,pending,silver_labels/pending_assignment/9123e35d-aee3-42a2-ab48-190f59d2fcc8/labels.json,pending,31c1e2b20b9b20de5df6e34936fcf1fc03180e08f3b3dc46b826d0666fb68df2
92198ef4-6861-4b05-b32f-d632503345b8,92198ef4-6861-4b05-b32f-d632503345b8,92198ef4-6861-4b05-b32f-d632503345b8.txt,pending,silver_labels/pending_assignment/92198ef4-6861-4b05-b32f-d632503345b8/labels.json,pending,3325513a311e95051477f88e130162e2003de7d020af428fd18bdae22c94f2a0
92ac6bad-d972-4f55-87f2-f2d45b4a995f,92ac6bad-d972-4f55-87f2-f2d45b4a995f,92ac6bad-d972-4f55-87f2-f2d45b4a995f.txt,pending,silver_labels/pending_assignment/92ac6bad-d972-4f55-87f2-f2d45b4a995f/labels.json,pending,ae49b1af82e69f3b89ebb52d78de0d144a5aa32be5b77e51d5b0335a8a1a7345
93f3cf2c-cc98-4177-863d-28b32f36cf36,93f3cf2c-cc98-4177-863d-28b32f36cf36,93f3cf2c-cc98-4177-863d-28b32f36cf36.txt,pending,silver_labels/pending_assignment/93f3cf2c-cc98-4177-863d-28b32f36cf36/labels.json,pending,57300ae8443f615cc055e7ebbb71be3ac63a7255622dadac36537a4e1fb82629
95080666-a5c6-4e59-904f-1efb10065762,95080666-a5c6-4e59-904f-1efb10065762,95080666-a5c6-4e59-904f-1efb10065762.txt,pending,silver_labels/pending_assignment/95080666-a5c6-4e59-904f-1efb10065762/labels.json,pending,1769c0686fc98b8c5dd5d95bbe3f6ef4bb2b203f534c3d4977e796c152d954e0
951af6f2-95b0-4883-9c07-3f41a0db0e84,951af6f2-95b0-4883-9c07-3f41a0db0e84,951af6f2-95b0-4883-9c07-3f41a0db0e84.txt,pending,silver_labels/pending_assignment/951af6f2-95b0-4883-9c07-3f41a0db0e84/labels.json,pending,ae7d8e6a69d24047449401e5643f3c672f7bb150e61f8639b2cafeb79043cc6c
962e4d2d-24bc-42e7-bea0-80f470306613,962e4d2d-24bc-42e7-bea0-80f470306613,962e4d2d-24bc-42e7-bea0-80f470306613.txt,pending,silver_labels/pending_assignment/962e4d2d-24bc-42e7-bea0-80f470306613/labels.json,pending,4e0e37554ff55da02b81bd6f609337d43cfc131a9cdbbbb101042047084707fe
96932864-9299-4c8d-87d0-1e45b16052d3,96932864-9299-4c8d-87d0-1e45b16052d3,96932864-9299-4c8d-87d0-1e45b16052d3.txt,pending,silver_labels/pending_assignment/96932864-9299-4c8d-87d0-1e45b16052d3/labels.json,pending,5fc7b41553ab8ed193b2644d1d39a9db7717227bfc79b6921e8e0bdc019ca89f
96a61e6b-71cb-4806-aa18-0833e8ba9761,96a61e6b-71cb-4806-aa18-0833e8ba9761,96a61e6b-71cb-4806-aa18-0833e8ba9761.txt,pending,silver_labels/pending_assignment/96a61e6b-71cb-4806-aa18-0833e8ba9761/labels.json,pending,9895287f6ee06e58e37a846461b6869b048c7c72e626109afad4b7e62f16bcd8
96b7cb73-2377-4b20-952c-7e1fafb74da7,96b7cb73-2377-4b20-952c-7e1fafb74da7,96b7cb73-2377-4b20-952c-7e1fafb74da7.txt,pending,silver_labels/pending_assignment/96b7cb73-2377-4b20-952c-7e1fafb74da7/labels.json,pending,51d687f1952cec7f40b80e8e111d078fa2197f2323e9feec4a75d824cbf81627
97087c78-d2a1-4959-b72a-80f858a0afac,97087c78-d2a1-4959-b72a-80f858a0afac,97087c78-d2a1-4959-b72a-80f858a0afac.txt,pending,silver_labels/pending_assignment/97087c78-d2a1-4959-b72a-80f858a0afac/labels.json,pending,314f4ce8e0095e63ca93ac391a4e8cf4ea2ba8619a1b660bf196a55ed2799ede
9795fef3-f31a-426a-9c5d-e4b5ddd51880,9795fef3-f31a-426a-9c5d-e4b5ddd51880,9795fef3-f31a-426a-9c5d-e4b5ddd51880.txt,pending,silver_labels/pending_assignment/9795fef3-f31a-426a-9c5d-e4b5ddd51880/labels.json,pending,6db71a0ddfdc6e3a1a44d5c9a90657b0b2bd7c394e9bed78c4559d21ceebc92e
97b17342-a9c0-43ed-ad4f-02dfebfb7ce7,97b17342-a9c0-43ed-ad4f-02dfebfb7ce7,97b17342-a9c0-43ed-ad4f-02dfebfb7ce7.txt,pending,silver_labels/pending_assignment/97b17342-a9c0-43ed-ad4f-02dfebfb7ce7/labels.json,pending,b90b654a0574877d92e609a8808dbbc4da292e970b73b160ef10a16895e83cd3
97c7567b-9b6e-4152-ab2a-26a1e43315f6,97c7567b-9b6e-4152-ab2a-26a1e43315f6,97c7567b-9b6e-4152-ab2a-26a1e43315f6.txt,pending,silver_labels/pending_assignment/97c7567b-9b6e-4152-ab2a-26a1e43315f6/labels.json,pending,e40f06ed8689ea1e4cfb9879b27e3c01283c12b429c2d04779734f138387a326
9941102b-4c0c-46cd-a4ef-9c386b8dfcff,9941102b-4c0c-46cd-a4ef-9c386b8dfcff,9941102b-4c0c-46cd-a4ef-9c386b8dfcff.txt,pending,silver_labels/pending_assignment/9941102b-4c0c-46cd-a4ef-9c386b8dfcff/labels.json,pending,f2906d3b7539c8cd093bc1f3e61f46ae6a7b76ef0d855c4fc2205328432fe3e2
9ab45631-cba1-44aa-8e56-34f95a0dc699,9ab45631-cba1-44aa-8e56-34f95a0dc699,9ab45631-cba1-44aa-8e56-34f95a0dc699.txt,pending,silver_labels/pending_assignment/9ab45631-cba1-44aa-8e56-34f95a0dc699/labels.json,pending,1f0615c7c9608a110edcfdb9c174d906f7c2259034d85503b069309993b28d67
9c97e6c8-6303-4a1a-a245-01873049ae7f,9c97e6c8-6303-4a1a-a245-01873049ae7f,9c97e6c8-6303-4a1a-a245-01873049ae7f.txt,pending,silver_labels/pending_assignment/9c97e6c8-6303-4a1a-a245-01873049ae7f/labels.json,pending,4599aa14b4df2e237d21b866a5cac66be3d33e3986b61159a7ef3bc0173d2d73
9cd43649-cd28-482d-a29a-001d6e1e0aee,9cd43649-cd28-482d-a29a-001d6e1e0aee,9cd43649-cd28-482d-a29a-001d6e1e0aee.txt,pending,silver_labels/pending_assignment/9cd43649-cd28-482d-a29a-001d6e1e0aee/labels.json,pending,32f2f0acc145c4503f2a33e22695b37ca67703762ae1affc33b79ab9f26af8ee
9cf9baf0-2a8b-4b45-a7b0-416629bd61a3,9cf9baf0-2a8b-4b45-a7b0-416629bd61a3,9cf9baf0-2a8b-4b45-a7b0-416629bd61a3.txt,pending,silver_labels/pending_assignment/9cf9baf0-2a8b-4b45-a7b0-416629bd61a3/labels.json,pending,32ea5ba2fe9ced31904a844a5b8c371c6cb9f5328a7a2d0ff867f30c6243794e
a0245ade-92fe-4e22-9485-4f102adef301,a0245ade-92fe-4e22-9485-4f102adef301,a0245ade-92fe-4e22-9485-4f102adef301.txt,pending,silver_labels/pending_assignment/a0245ade-92fe-4e22-9485-4f102adef301/labels.json,pending,1181adad27558dc306bd41123fa95463dbb3a40e47c5488d7eceb027545c073a
a0e51b58-9a86-4aa6-8949-7fa6bc2419a3,a0e51b58-9a86-4aa6-8949-7fa6bc2419a3,a0e51b58-9a86-4aa6-8949-7fa6bc2419a3.txt,pending,silver_labels/pending_assignment/a0e51b58-9a86-4aa6-8949-7fa6bc2419a3/labels.json,pending,6ceb421fc152c543206f7349be415428510eec7d71b86db8b78fbee9b1d18d7f
a13226d6-ad1f-4952-8f86-cba2bb920f69,a13226d6-ad1f-4952-8f86-cba2bb920f69,a13226d6-ad1f-4952-8f86-cba2bb920f69.txt,pending,silver_labels/pending_assignment/a13226d6-ad1f-4952-8f86-cba2bb920f69/labels.json,pending,e865b611995643b474696dbdf31efc29cce3fb1019890a4ad97ca8cbe874679f
a1a433b8-85da-405a-b082-5bf13c78b751,a1a433b8-85da-405a-b082-5bf13c78b751,a1a433b8-85da-405a-b082-5bf13c78b751.txt,pending,silver_labels/pending_assignment/a1a433b8-85da-405a-b082-5bf13c78b751/labels.json,pending,5a215b626112d8aae8f06ad72b3965f5d9213d9ae288844c5fd5bb899627d0b0
a1ab2d0e-1546-414b-945e-a59bad758e77,a1ab2d0e-1546-414b-945e-a59bad758e77,a1ab2d0e-1546-414b-945e-a59bad758e77.txt,pending,silver_labels/pending_assignment/a1ab2d0e-1546-414b-945e-a59bad758e77/labels.json,pending,399d49e525810195e6ee0e26b7305f35e16ac249e24c2c1121b1d2a8b22b9225
a227353e-886c-4ccf-8195-0dffe3d28406,a227353e-886c-4ccf-8195-0dffe3d28406,a227353e-886c-4ccf-8195-0dffe3d28406.txt,pending,silver_labels/pending_assignment/a227353e-886c-4ccf-8195-0dffe3d28406/labels.json,pending,93f0900a01a039c514cd1d9ba6243afdec877c8438eba50423b0deda6a3898d4
a22efd38-bbbc-420e-b501-1e0212b50a38,a22efd38-bbbc-420e-b501-1e0212b50a38,a22efd38-bbbc-420e-b501-1e0212b50a38.txt,pending,silver_labels/pending_assignment/a22efd38-bbbc-420e-b501-1e0212b50a38/labels.json,pending,4e0f16d0072dda7611a95d50c35a15e8bb791523f246b7df7644a7e12e8f2eb1
a29635a0-d33c-4ddd-ba70-154170b85057,a29635a0-d33c-4ddd-ba70-154170b85057,a29635a0-d33c-4ddd-ba70-154170b85057.txt,pending,silver_labels/pending_assignment/a29635a0-d33c-4ddd-ba70-154170b85057/labels.json,pending,e99246ad14baf579a7ea5e86e8303e26f92a448d5c298ace3f75db8cc1aa6111
a346eeb6-7d87-4704-b1cd-b43808e83e0d,a346eeb6-7d87-4704-b1cd-b43808e83e0d,a346eeb6-7d87-4704-b1cd-b43808e83e0d.txt,pending,silver_labels/pending_assignment/a346eeb6-7d87-4704-b1cd-b43808e83e0d/labels.json,pending,6467c2a079ecd7171f3c56544aa09383bbee407ae8d06c7e9e81a1236f89df1b
a3fa2c2c-621c-4112-9520-44c2ced24271,a3fa2c2c-621c-4112-9520-44c2ced24271,a3fa2c2c-621c-4112-9520-44c2ced24271.txt,pending,silver_labels/pending_assignment/a3fa2c2c-621c-4112-9520-44c2ced24271/labels.json,pending,dc574463a8f7a28a8fe831154b177fbdcf49e9285c41d008f1add06713487ebc
a4033bd1-9fab-4e9e-bdb8-a356d1916d03,a4033bd1-9fab-4e9e-bdb8-a356d1916d03,a4033bd1-9fab-4e9e-bdb8-a356d1916d03.txt,pending,silver_labels/pending_assignment/a4033bd1-9fab-4e9e-bdb8-a356d1916d03/labels.json,pending,76dbeebdc3af23c2e18bc2ca6930cf118c71ed7575f20f5d59847e17cc15f503
a4efa776-d3f1-4a0a-9135-3b6600164311,a4efa776-d3f1-4a0a-9135-3b6600164311,a4efa776-d3f1-4a0a-9135-3b6600164311.txt,pending,silver_labels/pending_assignment/a4efa776-d3f1-4a0a-9135-3b6600164311/labels.json,pending,fa3ff416b14acd0da78dc9cf51369e270fcf3689e3eb75e026f8c421aa1e0373
a57b07c4-313d-4e67-a281-e7b1f751c191,a57b07c4-313d-4e67-a281-e7b1f751c191,a57b07c4-313d-4e67-a281-e7b1f751c191.txt,pending,silver_labels/pending_assignment/a57b07c4-313d-4e67-a281-e7b1f751c191/labels.json,pending,28f80bbb2bfa9ce661b231e1fe05992e4f00b292334aab564066ee2549a048b9
a7602f19-a879-4ec7-8653-dfb750095c6e,a7602f19-a879-4ec7-8653-dfb750095c6e,a7602f19-a879-4ec7-8653-dfb750095c6e.txt,pending,silver_labels/pending_assignment/a7602f19-a879-4ec7-8653-dfb750095c6e/labels.json,pending,ad44d88d21a4d4d405bdc29d446ef1203f128d7e3aa5759b91b60c6dda866e72
a7dde6c7-11ef-4544-a25e-61c8339b2cff,a7dde6c7-11ef-4544-a25e-61c8339b2cff,a7dde6c7-11ef-4544-a25e-61c8339b2cff.txt,pending,silver_labels/pending_assignment/a7dde6c7-11ef-4544-a25e-61c8339b2cff/labels.json,pending,9931a190593680d56c5886efbb55869fb10691491fd6a1810a7294f743dd31bd
a8855c03-359f-42d9-af04-e459f9547107,a8855c03-359f-42d9-af04-e459f9547107,a8855c03-359f-42d9-af04-e459f9547107.txt,pending,silver_labels/pending_assignment/a8855c03-359f-42d9-af04-e459f9547107/labels.json,pending,5df6206668ffc894c6ec238caac654800f940477bf859c77340ee24d391166f0
a8c50e7b-354f-451a-8d94-c9f0001f53c3,a8c50e7b-354f-451a-8d94-c9f0001f53c3,a8c50e7b-354f-451a-8d94-c9f0001f53c3.txt,pending,silver_labels/pending_assignment/a8c50e7b-354f-451a-8d94-c9f0001f53c3/labels.json,pending,d6407468c67594e62accb4487c87a6220313a57719a510a82b8d4532185b4e46
a9168ce1-cb2c-421f-9f9e-e805beeb76bd,a9168ce1-cb2c-421f-9f9e-e805beeb76bd,a9168ce1-cb2c-421f-9f9e-e805beeb76bd.txt,pending,silver_labels/pending_assignment/a9168ce1-cb2c-421f-9f9e-e805beeb76bd/labels.json,pending,524b51be06165ef6018178f6d0e50bcab8be0b502517b8383162cc9c1e0d7a1e
a9b5ef7f-314b-4d26-89d3-2b281f3e9819,a9b5ef7f-314b-4d26-89d3-2b281f3e9819,a9b5ef7f-314b-4d26-89d3-2b281f3e9819.txt,pending,silver_labels/pending_assignment/a9b5ef7f-314b-4d26-89d3-2b281f3e9819/labels.json,pending,f5ed826ed24d69bf0f2d2a8584bd9862fc7b11f35cf46f303f11f2e2a968b079
aaa30e9f-886f-403f-a16e-6eff8b86f565,aaa30e9f-886f-403f-a16e-6eff8b86f565,aaa30e9f-886f-403f-a16e-6eff8b86f565.txt,pending,silver_labels/pending_assignment/aaa30e9f-886f-403f-a16e-6eff8b86f565/labels.json,pending,a6edaa80a609a7f9c8435e17e4c87c7cea1a22b4aa7b6222fce60d7dd56b313d
ab8eb2bc-577f-4842-809e-0001c217cfe6,ab8eb2bc-577f-4842-809e-0001c217cfe6,ab8eb2bc-577f-4842-809e-0001c217cfe6.txt,pending,silver_labels/pending_assignment/ab8eb2bc-577f-4842-809e-0001c217cfe6/labels.json,pending,04b0d883a7607ee247b53f5eee5dc80746c22d4d1c37ce3211c996781104ed00
abb4c7de-38ff-4ca0-aff2-7411f055a758,abb4c7de-38ff-4ca0-aff2-7411f055a758,abb4c7de-38ff-4ca0-aff2-7411f055a758.txt,pending,silver_labels/pending_assignment/abb4c7de-38ff-4ca0-aff2-7411f055a758/labels.json,pending,875fe5465a7f4b0053fcab13bd3f5100b3fdbe3c4182478b048e31785192faa8
abc1a4d5-6ca6-4785-a3fc-38bcfe551b58,abc1a4d5-6ca6-4785-a3fc-38bcfe551b58,abc1a4d5-6ca6-4785-a3fc-38bcfe551b58.txt,pending,silver_labels/pending_assignment/abc1a4d5-6ca6-4785-a3fc-38bcfe551b58/labels.json,pending,73c7632983f22d5b4ff8a04d9d1b10302bcbbfdc41ec3518c46a1920a47b42f5
abda9276-8802-47a7-b2bf-64f8b417d543,abda9276-8802-47a7-b2bf-64f8b417d543,abda9276-8802-47a7-b2bf-64f8b417d543.txt,pending,silver_labels/pending_assignment/abda9276-8802-47a7-b2bf-64f8b417d543/labels.json,pending,0e4d1cc55861f326e8d62dc6e503f34e0f1fb4a65a4b26e19b68e5b6563d810e
ac263639-1f62-449e-b777-27155af5aea7,ac263639-1f62-449e-b777-27155af5aea7,ac263639-1f62-449e-b777-27155af5aea7.txt,pending,silver_labels/pending_assignment/ac263639-1f62-449e-b777-27155af5aea7/labels.json,pending,1d1d541d8e06c50efd4f843cda7ef2fe2e07f10a25850b833c20e089d12626a2
ac3a86cc-3a35-4567-acee-752d9545ffa3,ac3a86cc-3a35-4567-acee-752d9545ffa3,ac3a86cc-3a35-4567-acee-752d9545ffa3.txt,pending,silver_labels/pending_assignment/ac3a86cc-3a35-4567-acee-752d9545ffa3/labels.json,pending,ab6a07c40ec1912c18873ed5e03b3355e21183ff65da308332a640f62761a0e5
ac78bc80-4f3a-481a-91e6-213bc427c0b3,ac78bc80-4f3a-481a-91e6-213bc427c0b3,ac78bc80-4f3a-481a-91e6-213bc427c0b3.txt,pending,silver_labels/pending_assignment/ac78bc80-4f3a-481a-91e6-213bc427c0b3/labels.json,pending,4a8a691ecd315d2f90ba95ab16bc1aebfd7883186b1b01a29521760d34e2a229
ac88fef5-eecc-4a97-aa42-623c9ee62272,ac88fef5-eecc-4a97-aa42-623c9ee62272,ac88fef5-eecc-4a97-aa42-623c9ee62272.txt,pending,silver_labels/pending_assignment/ac88fef5-eecc-4a97-aa42-623c9ee62272/labels.json,pending,3264c1fff3fc0edc18ee03a019395c8fa9194658ad8083041aecdc6f5c435a2c
acd5c3b5-c080-4ab4-98ca-4099c2711591,acd5c3b5-c080-4ab4-98ca-4099c2711591,acd5c3b5-c080-4ab4-98ca-4099c2711591.txt,pending,silver_labels/pending_assignment/acd5c3b5-c080-4ab4-98ca-4099c2711591/labels.json,pending,39815f66198f2b3e7e29155353f633022c0a90dd16535b8fa703a79bcebae7b8
acebfbb3-0fab-493a-abd4-396e7cb6ce99,acebfbb3-0fab-493a-abd4-396e7cb6ce99,acebfbb3-0fab-493a-abd4-396e7cb6ce99.txt,pending,silver_labels/pending_assignment/acebfbb3-0fab-493a-abd4-396e7cb6ce99/labels.json,pending,98c9c38168d50bb947bb61153b771fab239f7d743dbbe73a499323c73f3d9fda
aced00ba-3582-4d63-9f08-f9c444986729,aced00ba-3582-4d63-9f08-f9c444986729,aced00ba-3582-4d63-9f08-f9c444986729.txt,pending,silver_labels/pending_assignment/aced00ba-3582-4d63-9f08-f9c444986729/labels.json,pending,7af86365373b2a9f39861f200b3a5f4f0cb694f4add54c8480ad96233ed44e65
adba8838-0c7e-4013-9734-46dfd60dd668,adba8838-0c7e-4013-9734-46dfd60dd668,adba8838-0c7e-4013-9734-46dfd60dd668.txt,pending,silver_labels/pending_assignment/adba8838-0c7e-4013-9734-46dfd60dd668/labels.json,pending,2f5798c19f7b0a8dab10415cba805eb0ad22bf1f0baed67227330454b15eff07
af161134-b61c-4625-a31d-f05538d21909,af161134-b61c-4625-a31d-f05538d21909,af161134-b61c-4625-a31d-f05538d21909.txt,pending,silver_labels/pending_assignment/af161134-b61c-4625-a31d-f05538d21909/labels.json,pending,fcda721bc76ef43271f58cb3c253b1be99247f945edc56f0f5d3ec593637e81c
af66868c-3afa-49db-b53c-9706f6fd28e2,af66868c-3afa-49db-b53c-9706f6fd28e2,af66868c-3afa-49db-b53c-9706f6fd28e2.txt,pending,silver_labels/pending_assignment/af66868c-3afa-49db-b53c-9706f6fd28e2/labels.json,pending,e9949d9acc0075137e74216d72b284b886309f62940b97a1e8c08ccf39c5d52c
afe0de25-4357-42c9-aa85-9736da39c1e0,afe0de25-4357-42c9-aa85-9736da39c1e0,afe0de25-4357-42c9-aa85-9736da39c1e0.txt,pending,silver_labels/pending_assignment/afe0de25-4357-42c9-aa85-9736da39c1e0/labels.json,pending,863687e8b45df7f62d6effc1db20571f0ab3fa9c592f80ec4c1c98dd8b2c904f
b0378388-96fa-4564-ab36-305485636ecb,b0378388-96fa-4564-ab36-305485636ecb,b0378388-96fa-4564-ab36-305485636ecb.txt,pending,silver_labels/pending_assignment/b0378388-96fa-4564-ab36-305485636ecb/labels.json,pending,dbeaa86529e6c96fe482fa92e5ee7a71d157b374374eec2610a6beaba0e1b6f1
b0e3268b-24b6-44e0-8ae2-584250d63247,b0e3268b-24b6-44e0-8ae2-584250d63247,b0e3268b-24b6-44e0-8ae2-584250d63247.txt,pending,silver_labels/pending_assignment/b0e3268b-24b6-44e0-8ae2-584250d63247/labels.json,pending,54714a894fb66cf50241b8d16b76a61201712ffd7ccd90ab7e8e49abb1dcd6c4
b203b772-6ac9-459d-875e-558a84b4b4f0,b203b772-6ac9-459d-875e-558a84b4b4f0,b203b772-6ac9-459d-875e-558a84b4b4f0.txt,pending,silver_labels/pending_assignment/b203b772-6ac9-459d-875e-558a84b4b4f0/labels.json,pending,bb682d6f26c6477bd7a41ad9b7b9055a7abdc8313f339be3ddd61550f522beae
b2228c2e-38dc-4687-aeba-00c762c678e3,b2228c2e-38dc-4687-aeba-00c762c678e3,b2228c2e-38dc-4687-aeba-00c762c678e3.txt,pending,silver_labels/pending_assignment/b2228c2e-38dc-4687-aeba-00c762c678e3/labels.json,pending,7787303862b12854676986c15efa04e946fddfc8fc138f43ca3749deb021336a
b2338ffa-61e1-4283-ab0d-36c946042b17,b2338ffa-61e1-4283-ab0d-36c946042b17,b2338ffa-61e1-4283-ab0d-36c946042b17.txt,pending,silver_labels/pending_assignment/b2338ffa-61e1-4283-ab0d-36c946042b17/labels.json,pending,84db061ffe04040c7a3a89a965f9d9b66aa2b817d4bc5e0edadfb5c003e1d96c
b2afb6c2-6049-4861-88a5-f0aeba68b5c8,b2afb6c2-6049-4861-88a5-f0aeba68b5c8,b2afb6c2-6049-4861-88a5-f0aeba68b5c8.txt,pending,silver_labels/pending_assignment/b2afb6c2-6049-4861-88a5-f0aeba68b5c8/labels.json,pending,66c9c55c56c4a025636f8eac2ba8eb5575fcb69dbbb93f5c2ee19885eff32a8c
b35f8dee-50c3-44c3-9ec7-9ce610e26e34,b35f8dee-50c3-44c3-9ec7-9ce610e26e34,b35f8dee-50c3-44c3-9ec7-9ce610e26e34.txt,pending,silver_labels/pending_assignment/b35f8dee-50c3-44c3-9ec7-9ce610e26e34/labels.json,pending,64a8d820374d37d42b300be2a2c19d559ee57045f33a2a353b53f122dec5ffb3
b3d12e44-b38e-4c6f-b63f-2016f0f04b94,b3d12e44-b38e-4c6f-b63f-2016f0f04b94,b3d12e44-b38e-4c6f-b63f-2016f0f04b94.txt,pending,silver_labels/pending_assignment/b3d12e44-b38e-4c6f-b63f-2016f0f04b94/labels.json,pending,5faedfc92152765f97854b76dcab14e8c3cf57662c701ea1d6e69b53f6d17588
b47b662d-5741-4913-bba3-eabbe88cbff5,b47b662d-5741-4913-bba3-eabbe88cbff5,b47b662d-5741-4913-bba3-eabbe88cbff5.txt,pending,silver_labels/pending_assignment/b47b662d-5741-4913-bba3-eabbe88cbff5/labels.json,pending,a70849db1baf218451688661be7eb5f610635fbb1fe70767c8261d2d967316e5
b47d4592-80d7-4e98-bbf1-d872e64899cc,b47d4592-80d7-4e98-bbf1-d872e64899cc,b47d4592-80d7-4e98-bbf1-d872e64899cc.txt,pending,silver_labels/pending_assignment/b47d4592-80d7-4e98-bbf1-d872e64899cc/labels.json,pending,ff894067d794fca8def9a74a872571d2f5bf20cad08bbe6d68ed9c9e4617e651
b48ccc1d-4816-499d-b0c0-d28827671147,b48ccc1d-4816-499d-b0c0-d28827671147,b48ccc1d-4816-499d-b0c0-d28827671147.txt,pending,silver_labels/pending_assignment/b48ccc1d-4816-499d-b0c0-d28827671147/labels.json,pending,2db38d119add0017ef2174967fd3f04587f9949979e11ef92c7746af064fca59
b4e8fd0e-e2f6-44fe-919a-f4626908e4c4,b4e8fd0e-e2f6-44fe-919a-f4626908e4c4,b4e8fd0e-e2f6-44fe-919a-f4626908e4c4.txt,pending,silver_labels/pending_assignment/b4e8fd0e-e2f6-44fe-919a-f4626908e4c4/labels.json,pending,000dd13944affbf0b3d6e75c0236138d9780b5545e5dd49057aaa3f2857bfae6
b5503a34-8f3c-413d-b7a2-481b4942783d,b5503a34-8f3c-413d-b7a2-481b4942783d,b5503a34-8f3c-413d-b7a2-481b4942783d.txt,pending,silver_labels/pending_assignment/b5503a34-8f3c-413d-b7a2-481b4942783d/labels.json,pending,470cc0a80b96c87f77d7686433f32b6b5f7796b2a8e0a34685b3ada5cd5a396c
b56b61b8-f647-4937-be0b-e5f0ff776d5f,b56b61b8-f647-4937-be0b-e5f0ff776d5f,b56b61b8-f647-4937-be0b-e5f0ff776d5f.txt,pending,silver_labels/pending_assignment/b56b61b8-f647-4937-be0b-e5f0ff776d5f/labels.json,pending,660fb14bfc6e5e867dcbd662424a5eeb9a6df0e022c365e17695fcf0365bbafd
b58b009b-be61-436b-819d-af4d7fb6a658,b58b009b-be61-436b-819d-af4d7fb6a658,b58b009b-be61-436b-819d-af4d7fb6a658.txt,pending,silver_labels/pending_assignment/b58b009b-be61-436b-819d-af4d7fb6a658/labels.json,pending,993768dd778ec481e3ec4fd55f8024e1ca5290eab43d650ad8d85e39adf56eae
b5bfe073-6066-4260-96dd-ffb169af7687,b5bfe073-6066-4260-96dd-ffb169af7687,b5bfe073-6066-4260-96dd-ffb169af7687.txt,pending,silver_labels/pending_assignment/b5bfe073-6066-4260-96dd-ffb169af7687/labels.json,pending,829f636772a80068676503ed2d48057b00ff75d7787b626d9c58f44dc5443e7d
b61b8cf0-c5d8-410c-a030-7b36699b86b8,b61b8cf0-c5d8-410c-a030-7b36699b86b8,b61b8cf0-c5d8-410c-a030-7b36699b86b8.txt,pending,silver_labels/pending_assignment/b61b8cf0-c5d8-410c-a030-7b36699b86b8/labels.json,pending,941b9f7298f9be5bc97a8fdb5860ea566a746dfd7a1bf5768e3651edbf0928f9
b66a9e7f-9acb-407b-b6dc-029fc3b31ff2,b66a9e7f-9acb-407b-b6dc-029fc3b31ff2,b66a9e7f-9acb-407b-b6dc-029fc3b31ff2.txt,pending,silver_labels/pending_assignment/b66a9e7f-9acb-407b-b6dc-029fc3b31ff2/labels.json,pending,9aab7a8837ba05cf2a18a1b901ae3f7d4e972154df8f85db1a613027aed3f976
b6ce776f-8831-4229-9a8f-074a63b73ab3,b6ce776f-8831-4229-9a8f-074a63b73ab3,b6ce776f-8831-4229-9a8f-074a63b73ab3.txt,pending,silver_labels/pending_assignment/b6ce776f-8831-4229-9a8f-074a63b73ab3/labels.json,pending,1c393314672e97add32e9e8ee5d99f48d0beb9a3fa7ae130fa47c0971c992959
b6e249a2-9410-4a2a-8977-5ba0a3119b94,b6e249a2-9410-4a2a-8977-5ba0a3119b94,b6e249a2-9410-4a2a-8977-5ba0a3119b94.txt,pending,silver_labels/pending_assignment/b6e249a2-9410-4a2a-8977-5ba0a3119b94/labels.json,pending,dbb9053baa63ba0dbd94ff437c777a26916be5d20821e395a2d1f5dcaafa10b5
b77ac5fb-f133-4e68-81ae-05680e19aedc,b77ac5fb-f133-4e68-81ae-05680e19aedc,b77ac5fb-f133-4e68-81ae-05680e19aedc.txt,pending,silver_labels/pending_assignment/b77ac5fb-f133-4e68-81ae-05680e19aedc/labels.json,pending,fc96a6d4dbb113ff1c0e472f32d7fb391c6134bfcc8ae72dc380e28d5d7ad26b
b7d3d4b3-4e98-4234-995a-26172d4f8342,b7d3d4b3-4e98-4234-995a-26172d4f8342,b7d3d4b3-4e98-4234-995a-26172d4f8342.txt,pending,silver_labels/pending_assignment/b7d3d4b3-4e98-4234-995a-26172d4f8342/labels.json,pending,f260fbd06678c6afe68a1776120d75171f4404e9c0d8a258f07fe6736c694083
b826acaf-a024-4cbf-a22e-72c657b8ffe8,b826acaf-a024-4cbf-a22e-72c657b8ffe8,b826acaf-a024-4cbf-a22e-72c657b8ffe8.txt,pending,silver_labels/pending_assignment/b826acaf-a024-4cbf-a22e-72c657b8ffe8/labels.json,pending,5ff6c34bda4262267903b544a762c10919d35af3f9d39c2a4891b5ff5938554c
b8848e0e-05f2-497d-bf98-5669a71f601c,b8848e0e-05f2-497d-bf98-5669a71f601c,b8848e0e-05f2-497d-bf98-5669a71f601c.txt,pending,silver_labels/pending_assignment/b8848e0e-05f2-497d-bf98-5669a71f601c/labels.json,pending,2e389cbf2bc4e754918779f7d5b342cfcc4420cd4258bfc9c754043a2f6e70fb
b8ca03fb-ba34-49dc-b33f-30b6e9189685,b8ca03fb-ba34-49dc-b33f-30b6e9189685,b8ca03fb-ba34-49dc-b33f-30b6e9189685.txt,pending,silver_labels/pending_assignment/b8ca03fb-ba34-49dc-b33f-30b6e9189685/labels.json,pending,80b542fc8781182b12ba8e35a6617d3b73a944050186acbca6e0783f720877cf
b8f9aeaf-a914-45bb-9d7c-7ef83b82f8d3,b8f9aeaf-a914-45bb-9d7c-7ef83b82f8d3,b8f9aeaf-a914-45bb-9d7c-7ef83b82f8d3.txt,pending,silver_labels/pending_assignment/b8f9aeaf-a914-45bb-9d7c-7ef83b82f8d3/labels.json,pending,689bd65c061972e53d2f9cf7e31660b9cc67b59d6a76c49ca3ad7386ce3a0e4e
ba9f29de-54ff-47ac-bbff-c8a40bad1689,ba9f29de-54ff-47ac-bbff-c8a40bad1689,ba9f29de-54ff-47ac-bbff-c8a40bad1689.txt,pending,silver_labels/pending_assignment/ba9f29de-54ff-47ac-bbff-c8a40bad1689/labels.json,pending,ea310fc6cc651382881c9e4a16d56c8f9170c65c2e9d8544f48e0a9e4419bcfc
bad7c384-b02d-412a-9252-ea7eb95f42e3,bad7c384-b02d-412a-9252-ea7eb95f42e3,bad7c384-b02d-412a-9252-ea7eb95f42e3.txt,pending,silver_labels/pending_assignment/bad7c384-b02d-412a-9252-ea7eb95f42e3/labels.json,pending,71236c1c0b3effbcef47f5a4dcdc28a517667b0378fa93b22c4b066fbf4251c0
bb271ad2-d89d-4c4c-a8c5-d30ff0e1295a,bb271ad2-d89d-4c4c-a8c5-d30ff0e1295a,bb271ad2-d89d-4c4c-a8c5-d30ff0e1295a.txt,pending,silver_labels/pending_assignment/bb271ad2-d89d-4c4c-a8c5-d30ff0e1295a/labels.json,pending,71d75c4873514f119744818c20938923921664de7227a9ab6dbb5c485129109c
bb46db0a-ddc3-4507-94ec-486cbdf9dafb,bb46db0a-ddc3-4507-94ec-486cbdf9dafb,bb46db0a-ddc3-4507-94ec-486cbdf9dafb.txt,pending,silver_labels/pending_assignment/bb46db0a-ddc3-4507-94ec-486cbdf9dafb/labels.json,pending,2ce7a4c235a0589e85707e630ab1c876322ecd911941c5221ac57df8b03c5d37
bb7bd0c5-2af0-444f-bec0-ef5683a94669,bb7bd0c5-2af0-444f-bec0-ef5683a94669,bb7bd0c5-2af0-444f-bec0-ef5683a94669.txt,pending,silver_labels/pending_assignment/bb7bd0c5-2af0-444f-bec0-ef5683a94669/labels.json,pending,aa9ef8c4214549cfaa60ab2a9608b8c45de6062bd3af906daf81357cb281bcda
bc7b1681-1973-4033-8908-07c45c4de7a1,bc7b1681-1973-4033-8908-07c45c4de7a1,bc7b1681-1973-4033-8908-07c45c4de7a1.txt,pending,silver_labels/pending_assignment/bc7b1681-1973-4033-8908-07c45c4de7a1/labels.json,pending,088c217dc14514624f9aa34c9788ac21ef7ba514378a14051cc62528b70b3c5e
bc88484f-b39a-4935-8f0d-b96b7113d6cd,bc88484f-b39a-4935-8f0d-b96b7113d6cd,bc88484f-b39a-4935-8f0d-b96b7113d6cd.txt,pending,silver_labels/pending_assignment/bc88484f-b39a-4935-8f0d-b96b7113d6cd/labels.json,pending,523cc5840d90d8c1d253bbd395139ec9ea8955813c43f418478dc6754c9ca2a0
bcb7c44b-e360-4e14-a40c-91da05b6289e,bcb7c44b-e360-4e14-a40c-91da05b6289e,bcb7c44b-e360-4e14-a40c-91da05b6289e.txt,pending,silver_labels/pending_assignment/bcb7c44b-e360-4e14-a40c-91da05b6289e/labels.json,pending,7ea55160c356bb81726b8599b97fed6138576c10db225671bf1839930787f3ac
bce0bc62-239e-4fdd-b2b8-252a4a6df717,bce0bc62-239e-4fdd-b2b8-252a4a6df717,bce0bc62-239e-4fdd-b2b8-252a4a6df717.txt,pending,silver_labels/pending_assignment/bce0bc62-239e-4fdd-b2b8-252a4a6df717/labels.json,pending,fe8971c399ef6aef534b93e36fd5495310c46b2c5ef953d7638bfccb7a950979
bd255963-943c-4f04-a18a-cbc402817dd8,bd255963-943c-4f04-a18a-cbc402817dd8,bd255963-943c-4f04-a18a-cbc402817dd8.txt,pending,silver_labels/pending_assignment/bd255963-943c-4f04-a18a-cbc402817dd8/labels.json,pending,b0a14cb946bf012ba41cc2e6b822316ed75bfb44bc5bb38b19a7b882784b522a
bd4ad98c-7188-477a-bdaf-123eaa08b6f6,bd4ad98c-7188-477a-bdaf-123eaa08b6f6,bd4ad98c-7188-477a-bdaf-123eaa08b6f6.txt,pending,silver_labels/pending_assignment/bd4ad98c-7188-477a-bdaf-123eaa08b6f6/labels.json,pending,46fc3c986b7638ca90bc12bba650e5f23e7a849bb98267d647d3f4b71652827b
bd4ae90f-30f8-4d5f-86fb-2957934230be,bd4ae90f-30f8-4d5f-86fb-2957934230be,bd4ae90f-30f8-4d5f-86fb-2957934230be.txt,pending,silver_labels/pending_assignment/bd4ae90f-30f8-4d5f-86fb-2957934230be/labels.json,pending,c3f276e5f29e730c0872be0d46984ee07e229ba6f1e151f97e3ba9cdc693009a
bd64f802-6d27-4377-9e91-821a58f50fe9,bd64f802-6d27-4377-9e91-821a58f50fe9,bd64f802-6d27-4377-9e91-821a58f50fe9.txt,pending,silver_labels/pending_assignment/bd64f802-6d27-4377-9e91-821a58f50fe9/labels.json,pending,781b1d095a29b04e8aae7897b6dc3cffd72b115cc8178dec1510bce696ab5b33
be788bd7-a0b2-4075-8c0d-d18a7fe841cb,be788bd7-a0b2-4075-8c0d-d18a7fe841cb,be788bd7-a0b2-4075-8c0d-d18a7fe841cb.txt,pending,silver_labels/pending_assignment/be788bd7-a0b2-4075-8c0d-d18a7fe841cb/labels.json,pending,986f5a585e3fe168f56db3d16d6589de5853b088d5931eae12faf32fbfb5eaee
bf3653db-8cae-4ee8-a478-5f3b36390f76,bf3653db-8cae-4ee8-a478-5f3b36390f76,bf3653db-8cae-4ee8-a478-5f3b36390f76.txt,pending,silver_labels/pending_assignment/bf3653db-8cae-4ee8-a478-5f3b36390f76/labels.json,pending,6e9f75a4e880cfc15746376c2ba241cad20940718618c9c605a2cf9a4468eb91
bf7ad7be-febc-4b11-b25e-4c27e8b8a89d,bf7ad7be-febc-4b11-b25e-4c27e8b8a89d,bf7ad7be-febc-4b11-b25e-4c27e8b8a89d.txt,pending,silver_labels/pending_assignment/bf7ad7be-febc-4b11-b25e-4c27e8b8a89d/labels.json,pending,124e3256cdf9b47abde712b79b9766fc93e9e51eae18ad151c9691e391e21838
bfa73b4c-5b45-4c17-9fe4-8b4f397654e6,bfa73b4c-5b45-4c17-9fe4-8b4f397654e6,bfa73b4c-5b45-4c17-9fe4-8b4f397654e6.txt,pending,silver_labels/pending_assignment/bfa73b4c-5b45-4c17-9fe4-8b4f397654e6/labels.json,pending,ed89022952174be182f6b02473966d3095d5f4dad3463da4471f1a538ac2beb3
bfabcd61-d574-49c6-b180-6686fd1bc7c9,bfabcd61-d574-49c6-b180-6686fd1bc7c9,bfabcd61-d574-49c6-b180-6686fd1bc7c9.txt,pending,silver_labels/pending_assignment/bfabcd61-d574-49c6-b180-6686fd1bc7c9/labels.json,pending,e8c7192945dee01b3c0a32e83d63821c755f483a97c72096153649ef968a989e
c0486044-cb98-4c6f-b9d6-ab33e2bf99a6,c0486044-cb98-4c6f-b9d6-ab33e2bf99a6,c0486044-cb98-4c6f-b9d6-ab33e2bf99a6.txt,pending,silver_labels/pending_assignment/c0486044-cb98-4c6f-b9d6-ab33e2bf99a6/labels.json,pending,5a25673309d10e7b408c4b56787d652b71218453c3d1955010808e26b22f1d71
c0775391-b8c3-4884-aaec-ff8b1b5d1de4,c0775391-b8c3-4884-aaec-ff8b1b5d1de4,c0775391-b8c3-4884-aaec-ff8b1b5d1de4.txt,pending,silver_labels/pending_assignment/c0775391-b8c3-4884-aaec-ff8b1b5d1de4/labels.json,pending,26d4b42a9993df54acb08f687032a0a98e6271e27445c14097bc4539b748e295
c0c54a77-1d33-41a4-8e13-92a4840e82b8,c0c54a77-1d33-41a4-8e13-92a4840e82b8,c0c54a77-1d33-41a4-8e13-92a4840e82b8.txt,pending,silver_labels/pending_assignment/c0c54a77-1d33-41a4-8e13-92a4840e82b8/labels.json,pending,dd4695a1dae825729320ae6d12709d349472d96d30ded3f64e6d6fbcf8de0b2a
c0e74ae1-aa1a-41b3-91a7-b44f289d1af5,c0e74ae1-aa1a-41b3-91a7-b44f289d1af5,c0e74ae1-aa1a-41b3-91a7-b44f289d1af5.txt,pending,silver_labels/pending_assignment/c0e74ae1-aa1a-41b3-91a7-b44f289d1af5/labels.json,pending,0a93cc101582b46c31412030a27bc27eaa3d86f54378097b9bec18ff36d84399
c102ec15-67f6-4b92-8c4e-e7081a42b1f6,c102ec15-67f6-4b92-8c4e-e7081a42b1f6,c102ec15-67f6-4b92-8c4e-e7081a42b1f6.txt,pending,silver_labels/pending_assignment/c102ec15-67f6-4b92-8c4e-e7081a42b1f6/labels.json,pending,017f73fb6c63f6796d3f58d12be33d265f09f288d00ade0d4bfffff0f8c1df81
c1d3345d-ac5b-40ee-963b-47438f570cc1,c1d3345d-ac5b-40ee-963b-47438f570cc1,c1d3345d-ac5b-40ee-963b-47438f570cc1.txt,pending,silver_labels/pending_assignment/c1d3345d-ac5b-40ee-963b-47438f570cc1/labels.json,pending,456ef65627dc21e4b8390265f6f08bac37e885cbc63edd80a81974277d5223de
c1f946c8-cc9d-4cb2-8535-de058d3a6788,c1f946c8-cc9d-4cb2-8535-de058d3a6788,c1f946c8-cc9d-4cb2-8535-de058d3a6788.txt,pending,silver_labels/pending_assignment/c1f946c8-cc9d-4cb2-8535-de058d3a6788/labels.json,pending,fe1e2a8188ae0cda93119f75ca2b999c744e0293c31d23e8fce166f98fbed081
c238e8d5-93a4-4b9b-9ecd-966ce1d77710,c238e8d5-93a4-4b9b-9ecd-966ce1d77710,c238e8d5-93a4-4b9b-9ecd-966ce1d77710.txt,pending,silver_labels/pending_assignment/c238e8d5-93a4-4b9b-9ecd-966ce1d77710/labels.json,pending,e1719724df7ba5e38d54da99b3b95994ab142263f35c0bec746b0e5fcf1fb39e
c2a9174b-bd97-4fb9-98b4-3508d5f4b70c,c2a9174b-bd97-4fb9-98b4-3508d5f4b70c,c2a9174b-bd97-4fb9-98b4-3508d5f4b70c.txt,pending,silver_labels/pending_assignment/c2a9174b-bd97-4fb9-98b4-3508d5f4b70c/labels.json,pending,c8cc6de4136b602c777e1e6226f4d4a6c9b8af975ad12291f267f898d1bf965b
c33d3ce7-c68d-4c13-9e1f-710e7a6c7a53,c33d3ce7-c68d-4c13-9e1f-710e7a6c7a53,c33d3ce7-c68d-4c13-9e1f-710e7a6c7a53.txt,pending,silver_labels/pending_assignment/c33d3ce7-c68d-4c13-9e1f-710e7a6c7a53/labels.json,pending,2c348eaefa56e5b2d54bddf7908c1acf7099b4df502b614568e9e709823b47cc
c4149c78-b635-4d4f-9183-53b7e702c95f,c4149c78-b635-4d4f-9183-53b7e702c95f,c4149c78-b635-4d4f-9183-53b7e702c95f.txt,pending,silver_labels/pending_assignment/c4149c78-b635-4d4f-9183-53b7e702c95f/labels.json,pending,cb53f915b1734d164ccbc59f49aca9cd200da149f4d29b484ab2c21362feeed3
c42c493a-51d3-43d1-9942-0ad8c30412f4,c42c493a-51d3-43d1-9942-0ad8c30412f4,c42c493a-51d3-43d1-9942-0ad8c30412f4.txt,pending,silver_labels/pending_assignment/c42c493a-51d3-43d1-9942-0ad8c30412f4/labels.json,pending,1dcb798d22df8e626d926540e00153f978bff65770204aad3a27d84298b65ab1
c44832b9-973f-4b9c-8262-e9ea2661016a,c44832b9-973f-4b9c-8262-e9ea2661016a,c44832b9-973f-4b9c-8262-e9ea2661016a.txt,pending,silver_labels/pending_assignment/c44832b9-973f-4b9c-8262-e9ea2661016a/labels.json,pending,2a61e34dc07220009b6e52265490d01c8ff5c4e41ed4d59cb2b90d4a62e55d6e
c4caca36-1ace-44de-844a-0933eface36a,c4caca36-1ace-44de-844a-0933eface36a,c4caca36-1ace-44de-844a-0933eface36a.txt,pending,silver_labels/pending_assignment/c4caca36-1ace-44de-844a-0933eface36a/labels.json,pending,d4083871b424e36d4f6e6b862a4e81f377f23c2b3dfe3b76bfd8648979d7755b
c4d50c68-5b6d-4180-a693-25cab706ada4,c4d50c68-5b6d-4180-a693-25cab706ada4,c4d50c68-5b6d-4180-a693-25cab706ada4.txt,pending,silver_labels/pending_assignment/c4d50c68-5b6d-4180-a693-25cab706ada4/labels.json,pending,2c526934bc5f5e4e3c29fb9ff0c35420ba73bbe633aff7ca69d7daf2fbe6d946
c500c9ad-c23b-42b5-b17e-8796eedc4e34,c500c9ad-c23b-42b5-b17e-8796eedc4e34,c500c9ad-c23b-42b5-b17e-8796eedc4e34.txt,pending,silver_labels/pending_assignment/c500c9ad-c23b-42b5-b17e-8796eedc4e34/labels.json,pending,5a7960ccacdf2a20f0cfecfe71b0f83879f3c3a360f7f2dddb79a5a53cda8748
c52cd295-df74-4e99-b31f-34ae824a1418,c52cd295-df74-4e99-b31f-34ae824a1418,c52cd295-df74-4e99-b31f-34ae824a1418.txt,pending,silver_labels/pending_assignment/c52cd295-df74-4e99-b31f-34ae824a1418/labels.json,pending,6ccf5b79d8d051124ba995815a43d8f4db2946c238e5476a01e243640d8c24b6
c5972417-388c-4b2a-9218-543268c3ee9a,c5972417-388c-4b2a-9218-543268c3ee9a,c5972417-388c-4b2a-9218-543268c3ee9a.txt,pending,silver_labels/pending_assignment/c5972417-388c-4b2a-9218-543268c3ee9a/labels.json,pending,daa4027efe48819e4db78d0357e9289c527dea4d16b7e1ea3da5594debe58126
c67c4974-2d84-4c96-871a-cc8be0ef6ccc,c67c4974-2d84-4c96-871a-cc8be0ef6ccc,c67c4974-2d84-4c96-871a-cc8be0ef6ccc.txt,pending,silver_labels/pending_assignment/c67c4974-2d84-4c96-871a-cc8be0ef6ccc/labels.json,pending,2cf7d12147331d90cef6e9fa13f9a0b8a80fdf19698b4256ed8f6915dcbe4a75
c707b1d3-624e-40bd-b69c-e080b26eab98,c707b1d3-624e-40bd-b69c-e080b26eab98,c707b1d3-624e-40bd-b69c-e080b26eab98.txt,pending,silver_labels/pending_assignment/c707b1d3-624e-40bd-b69c-e080b26eab98/labels.json,pending,59f95b62b48eea3e743e903cf8de4f9e8e6058536fa7e5c18ef46c1f5e842ed5
c7199ab4-940a-4163-aae3-1e9d6e96bcf1,c7199ab4-940a-4163-aae3-1e9d6e96bcf1,c7199ab4-940a-4163-aae3-1e9d6e96bcf1.txt,pending,silver_labels/pending_assignment/c7199ab4-940a-4163-aae3-1e9d6e96bcf1/labels.json,pending,510e0554de18d9155c25ef12becd75b30f6c8e8684c6dc3ed1ae1d8b49d94ca2
c71bf2d3-29f0-4fa3-8436-89eea02c7c1d,c71bf2d3-29f0-4fa3-8436-89eea02c7c1d,c71bf2d3-29f0-4fa3-8436-89eea02c7c1d.txt,pending,silver_labels/pending_assignment/c71bf2d3-29f0-4fa3-8436-89eea02c7c1d/labels.json,pending,c1592be53769f5f9da8177f993c3d960f628458de354264259aefb653bf12e31
c7724594-f71e-4881-b524-da59460aeb7c,c7724594-f71e-4881-b524-da59460aeb7c,c7724594-f71e-4881-b524-da59460aeb7c.txt,pending,silver_labels/pending_assignment/c7724594-f71e-4881-b524-da59460aeb7c/labels.json,pending,c62352d94d3e522e8701394645b2803555f8c2952d085f995eedfbf5d081a185
c7ff1e39-a9c8-47b8-b0fd-f3d176a439c4,c7ff1e39-a9c8-47b8-b0fd-f3d176a439c4,c7ff1e39-a9c8-47b8-b0fd-f3d176a439c4.txt,pending,silver_labels/pending_assignment/c7ff1e39-a9c8-47b8-b0fd-f3d176a439c4/labels.json,pending,30f1d16dc2b4bebe1f693c95732b571ae0c0663405ca09c56584e262a259450c
c882539b-6f2b-4597-b796-7f1ddb34b595,c882539b-6f2b-4597-b796-7f1ddb34b595,c882539b-6f2b-4597-b796-7f1ddb34b595.txt,pending,silver_labels/pending_assignment/c882539b-6f2b-4597-b796-7f1ddb34b595/labels.json,pending,f3497f2a45edfc25fc79794b54cfccef1589a96a3d50831cc674f137272d2fb5
c8835201-cedb-4a71-9f24-818950cbfdd6,c8835201-cedb-4a71-9f24-818950cbfdd6,c8835201-cedb-4a71-9f24-818950cbfdd6.txt,pending,silver_labels/pending_assignment/c8835201-cedb-4a71-9f24-818950cbfdd6/labels.json,pending,523bd75139e30073ca255b01b049ab4a007894024863f921b03fa8c48d3fa0c9
c97f8a32-6249-409c-b042-aaed261c3f64,c97f8a32-6249-409c-b042-aaed261c3f64,c97f8a32-6249-409c-b042-aaed261c3f64.txt,pending,silver_labels/pending_assignment/c97f8a32-6249-409c-b042-aaed261c3f64/labels.json,pending,1774a490fac6416e97ddb2ba56cd8fb3fd478e0cb409b76cd10f67bfd456523b
c9fb99a6-6aef-41f5-81b4-bcc368ec55fc,c9fb99a6-6aef-41f5-81b4-bcc368ec55fc,c9fb99a6-6aef-41f5-81b4-bcc368ec55fc.txt,pending,silver_labels/pending_assignment/c9fb99a6-6aef-41f5-81b4-bcc368ec55fc/labels.json,pending,58d78b21eadfe2f6e7de6c2280dd5b58ce2cf9a0fe3746308cf80b5e3091afff
ca0e9f0d-3631-407d-96d1-7324ebeb6716,ca0e9f0d-3631-407d-96d1-7324ebeb6716,ca0e9f0d-3631-407d-96d1-7324ebeb6716.txt,pending,silver_labels/pending_assignment/ca0e9f0d-3631-407d-96d1-7324ebeb6716/labels.json,pending,357babe6725cbb443ca3af8657f8c00a9d24025e73581ff6aa1eb6ae0e570c31
ca6ec03c-bce5-409a-b1f8-b315e144f413,ca6ec03c-bce5-409a-b1f8-b315e144f413,ca6ec03c-bce5-409a-b1f8-b315e144f413.txt,pending,silver_labels/pending_assignment/ca6ec03c-bce5-409a-b1f8-b315e144f413/labels.json,pending,26e461e6eb1ad32fd5489c1791c0a9da88b79b3034edc4b248318d76cd7c76f3
cb056010-c50e-4e80-b639-bb178a2b9330,cb056010-c50e-4e80-b639-bb178a2b9330,cb056010-c50e-4e80-b639-bb178a2b9330.txt,pending,silver_labels/pending_assignment/cb056010-c50e-4e80-b639-bb178a2b9330/labels.json,pending,38fe6321076ab95a65f48c06f162ed9fa11b9bf21e9cb582f12312b5299d4299
cb1661ce-8e17-4e3e-bb1d-a0c14450218b,cb1661ce-8e17-4e3e-bb1d-a0c14450218b,cb1661ce-8e17-4e3e-bb1d-a0c14450218b.txt,pending,silver_labels/pending_assignment/cb1661ce-8e17-4e3e-bb1d-a0c14450218b/labels.json,pending,a3c009a4a24a989d7c1995829abf9814b5a242ff4e9e5df68e00b495ef19c264
cb18ac98-a58c-4599-8bc8-461dab667322,cb18ac98-a58c-4599-8bc8-461dab667322,cb18ac98-a58c-4599-8bc8-461dab667322.txt,pending,silver_labels/pending_assignment/cb18ac98-a58c-4599-8bc8-461dab667322/labels.json,pending,49915d09d7d25882e03791c5af758f47161ff886138808e8bf8334d11ab69a1d
cb5e4872-22af-49fb-a331-0cfe03ce8090,cb5e4872-22af-49fb-a331-0cfe03ce8090,cb5e4872-22af-49fb-a331-0cfe03ce8090.txt,pending,silver_labels/pending_assignment/cb5e4872-22af-49fb-a331-0cfe03ce8090/labels.json,pending,708e9b63f192c2454bc7033f3a19a7b9bc0ab5b145a210e3f1e799885d3bfd9b
cb606019-e295-40eb-819e-a1707f3f215d,cb606019-e295-40eb-819e-a1707f3f215d,cb606019-e295-40eb-819e-a1707f3f215d.txt,pending,silver_labels/pending_assignment/cb606019-e295-40eb-819e-a1707f3f215d/labels.json,pending,a338ef5815cbef5c7f65c09c07211e4edc32711138d7cb813d1c1258733e4dc4
cb9ee0da-abb1-4985-9d85-6d19cf7cd287,cb9ee0da-abb1-4985-9d85-6d19cf7cd287,cb9ee0da-abb1-4985-9d85-6d19cf7cd287.txt,pending,silver_labels/pending_assignment/cb9ee0da-abb1-4985-9d85-6d19cf7cd287/labels.json,pending,5ca6fa2d57575119c110d8cf9fd0414a1f162fc7b8f6b3376ae60c808b1ad0b0
cc395184-f776-4bff-9299-e289bfc513f5,cc395184-f776-4bff-9299-e289bfc513f5,cc395184-f776-4bff-9299-e289bfc513f5.txt,pending,silver_labels/pending_assignment/cc395184-f776-4bff-9299-e289bfc513f5/labels.json,pending,aad8d5ff91be6c4b6fb1b632b520fdc29078f4c8a0b95e4fa423b44ea12e7d3a
ccd75111-31bc-4381-936c-b5a88009fc63,ccd75111-31bc-4381-936c-b5a88009fc63,ccd75111-31bc-4381-936c-b5a88009fc63.txt,pending,silver_labels/pending_assignment/ccd75111-31bc-4381-936c-b5a88009fc63/labels.json,pending,8c9372f97e6af9a584aa0fc43682fde1942216d3505c425d03905392cebeeff7
cd3ddd3b-2053-40e5-ae52-86db7b10153a,cd3ddd3b-2053-40e5-ae52-86db7b10153a,cd3ddd3b-2053-40e5-ae52-86db7b10153a.txt,pending,silver_labels/pending_assignment/cd3ddd3b-2053-40e5-ae52-86db7b10153a/labels.json,pending,6914866892f81ca3b2b2b9f04a07ede14ada4028d44ceedbc03288d73641640a
cd5102b0-a433-44c5-a8e1-0183c98ba1d4,cd5102b0-a433-44c5-a8e1-0183c98ba1d4,cd5102b0-a433-44c5-a8e1-0183c98ba1d4.txt,pending,silver_labels/pending_assignment/cd5102b0-a433-44c5-a8e1-0183c98ba1d4/labels.json,pending,587d6ce5a33df0fdf76c27820ded4ee86c60132e12aa100796b863b8a5e238cd
cdf464bc-8e3d-45a5-995c-647c564b6acc,cdf464bc-8e3d-45a5-995c-647c564b6acc,cdf464bc-8e3d-45a5-995c-647c564b6acc.txt,pending,silver_labels/pending_assignment/cdf464bc-8e3d-45a5-995c-647c564b6acc/labels.json,pending,a43b3c487106d6e35684ac2d21a1ee6a399a96937e03015146127d09993694c3
ce2763c2-40e5-4951-90e9-fd5adfbebcea,ce2763c2-40e5-4951-90e9-fd5adfbebcea,ce2763c2-40e5-4951-90e9-fd5adfbebcea.txt,pending,silver_labels/pending_assignment/ce2763c2-40e5-4951-90e9-fd5adfbebcea/labels.json,pending,e8e724f0f068008362928023cf6c75c5ae3b8267fc66190b993c6514b7c4e700
ce3f05bf-184f-4ca0-beb7-87635cc93f55,ce3f05bf-184f-4ca0-beb7-87635cc93f55,ce3f05bf-184f-4ca0-beb7-87635cc93f55.txt,pending,silver_labels/pending_assignment/ce3f05bf-184f-4ca0-beb7-87635cc93f55/labels.json,pending,7ab40e22563e8feb1db9bddb98e7198bd2709990c47dfd5b381546e595228600
ce6c73db-32fd-4cd9-8015-bf09cc3c47a6,ce6c73db-32fd-4cd9-8015-bf09cc3c47a6,ce6c73db-32fd-4cd9-8015-bf09cc3c47a6.txt,pending,silver_labels/pending_assignment/ce6c73db-32fd-4cd9-8015-bf09cc3c47a6/labels.json,pending,d97d48810f4808ffffb02a61a69bacd792550c913e272d939956c7f68f210e86
ce933a04-7733-400d-87c4-05c3f220a3ba,ce933a04-7733-400d-87c4-05c3f220a3ba,ce933a04-7733-400d-87c4-05c3f220a3ba.txt,pending,silver_labels/pending_assignment/ce933a04-7733-400d-87c4-05c3f220a3ba/labels.json,pending,68eed858b906e2589ed05b033675c202aecdba675cc427e41df0f3d713ba4f94
cf0ecdfd-49e3-4dfc-bc7b-c055173945c3,cf0ecdfd-49e3-4dfc-bc7b-c055173945c3,cf0ecdfd-49e3-4dfc-bc7b-c055173945c3.txt,pending,silver_labels/pending_assignment/cf0ecdfd-49e3-4dfc-bc7b-c055173945c3/labels.json,pending,1bbd6601601ef8bb7618046413cf33e11434e79390e0c41686048f068a5e9de4
cfc7fa0f-d83b-4a6e-afc1-a7a5d5ac88bc,cfc7fa0f-d83b-4a6e-afc1-a7a5d5ac88bc,cfc7fa0f-d83b-4a6e-afc1-a7a5d5ac88bc.txt,pending,silver_labels/pending_assignment/cfc7fa0f-d83b-4a6e-afc1-a7a5d5ac88bc/labels.json,pending,65e7071b931766468089d50f645a16e0fae15d5836860787e4dd136c780adb3d
d00fdeac-2b1d-4c56-9b0b-bf8ef660e5dc,d00fdeac-2b1d-4c56-9b0b-bf8ef660e5dc,d00fdeac-2b1d-4c56-9b0b-bf8ef660e5dc.txt,pending,silver_labels/pending_assignment/d00fdeac-2b1d-4c56-9b0b-bf8ef660e5dc/labels.json,pending,d93c053f793dc415bc20c8a74a422ab31b1ecad3aae2f0b4683562f250fe4062
d0396365-aea1-43a7-9795-b099461a2515,d0396365-aea1-43a7-9795-b099461a2515,d0396365-aea1-43a7-9795-b099461a2515.txt,pending,silver_labels/pending_assignment/d0396365-aea1-43a7-9795-b099461a2515/labels.json,pending,59670a7c69eba3d503266e069fcd2dd44a53b1ed3ab7e2aea42c916db099352d
d04dc5b1-4a91-440b-906c-06568280d498,d04dc5b1-4a91-440b-906c-06568280d498,d04dc5b1-4a91-440b-906c-06568280d498.txt,pending,silver_labels/pending_assignment/d04dc5b1-4a91-440b-906c-06568280d498/labels.json,pending,1309f99fb516603c31bc6e0c264322a546af56a3982655bf571317932e26f48f
d0f46901-26bf-4171-b37d-09a3606b8bc0,d0f46901-26bf-4171-b37d-09a3606b8bc0,d0f46901-26bf-4171-b37d-09a3606b8bc0.txt,pending,silver_labels/pending_assignment/d0f46901-26bf-4171-b37d-09a3606b8bc0/labels.json,pending,67d3342498965d7b6f9438563d581e44bb48ba21d85deed7ce8f58a43ace186c
d107bc22-398f-41d1-aaee-7cd84897759c,d107bc22-398f-41d1-aaee-7cd84897759c,d107bc22-398f-41d1-aaee-7cd84897759c.txt,pending,silver_labels/pending_assignment/d107bc22-398f-41d1-aaee-7cd84897759c/labels.json,pending,f763333f5b29af0aaace7bc2f95954511ff60f2fde8d5fb6d9c4ea41877ebc8f
d17b1fe2-009e-4c93-81c0-2db63c3f0287,d17b1fe2-009e-4c93-81c0-2db63c3f0287,d17b1fe2-009e-4c93-81c0-2db63c3f0287.txt,pending,silver_labels/pending_assignment/d17b1fe2-009e-4c93-81c0-2db63c3f0287/labels.json,pending,7aad514ca185820d1ee70678653f686ded23ee97569d9ee6c9b1db7109e88ea2
d1bba1e2-f927-42e9-8b80-d7b88187794e,d1bba1e2-f927-42e9-8b80-d7b88187794e,d1bba1e2-f927-42e9-8b80-d7b88187794e.txt,pending,silver_labels/pending_assignment/d1bba1e2-f927-42e9-8b80-d7b88187794e/labels.json,pending,f35f2c14901a9aaa8cfa2021ca0ff2ef8f8619cc201c4564f58cee5d37e4bd4d
d1c4c34e-d50e-4ce2-b7bf-e29e5de4dfb6,d1c4c34e-d50e-4ce2-b7bf-e29e5de4dfb6,d1c4c34e-d50e-4ce2-b7bf-e29e5de4dfb6.txt,pending,silver_labels/pending_assignment/d1c4c34e-d50e-4ce2-b7bf-e29e5de4dfb6/labels.json,pending,96ba1876273ddf1b4f8ec100981251212417e2a53eea18767b6328ef0002582b
d1e1f457-6ffc-492a-ad29-593f437846af,d1e1f457-6ffc-492a-ad29-593f437846af,d1e1f457-6ffc-492a-ad29-593f437846af.txt,pending,silver_labels/pending_assignment/d1e1f457-6ffc-492a-ad29-593f437846af/labels.json,pending,53560b113fba7ab2749f4654c11a088262aa6d15079c928fc48dd58c58da8c4d
d20a0292-b249-4292-810b-09d04770e3b2,d20a0292-b249-4292-810b-09d04770e3b2,d20a0292-b249-4292-810b-09d04770e3b2.txt,pending,silver_labels/pending_assignment/d20a0292-b249-4292-810b-09d04770e3b2/labels.json,pending,97dc2b19465527fcc3feab3585a17f549316a2c97b08f92bea1dae84157e6326
d265c221-3bb2-4538-a39e-8f394c859020,d265c221-3bb2-4538-a39e-8f394c859020,d265c221-3bb2-4538-a39e-8f394c859020.txt,pending,silver_labels/pending_assignment/d265c221-3bb2-4538-a39e-8f394c859020/labels.json,pending,804de4b7b07fa8f0c25e15cfb519deb5d2e14edb4d9e5bf11f623784db8a6fc9
d2b1e4eb-2355-4ec2-b633-d15426fb6a4a,d2b1e4eb-2355-4ec2-b633-d15426fb6a4a,d2b1e4eb-2355-4ec2-b633-d15426fb6a4a.txt,pending,silver_labels/pending_assignment/d2b1e4eb-2355-4ec2-b633-d15426fb6a4a/labels.json,pending,417ff22f6ec27c8fa3689d632333d326d105cf1a943af9d455e8e2a7881b70db
d31fdecc-4b55-40c1-80f1-60546dc8057b,d31fdecc-4b55-40c1-80f1-60546dc8057b,d31fdecc-4b55-40c1-80f1-60546dc8057b.txt,pending,silver_labels/pending_assignment/d31fdecc-4b55-40c1-80f1-60546dc8057b/labels.json,pending,a14d88d79de915760010037cf805ac2a94a20c3817cdf65d425e95fe0663cefc
d4ccee91-3bde-4413-a4c4-2b1788dfe23e,d4ccee91-3bde-4413-a4c4-2b1788dfe23e,d4ccee91-3bde-4413-a4c4-2b1788dfe23e.txt,pending,silver_labels/pending_assignment/d4ccee91-3bde-4413-a4c4-2b1788dfe23e/labels.json,pending,d68d96a4ac751dfad7f33339334677ef85dc8a662ef3f93aa75859a47900533b
d50eceff-02d7-4c79-88bd-133b9972b0f6,d50eceff-02d7-4c79-88bd-133b9972b0f6,d50eceff-02d7-4c79-88bd-133b9972b0f6.txt,pending,silver_labels/pending_assignment/d50eceff-02d7-4c79-88bd-133b9972b0f6/labels.json,pending,64a9366d11ef1e052618d6912d09b2b4eaa17622b79b11cffc5e54966f5a9723
d5335b5e-df15-4928-ae10-515a1ea96aae,d5335b5e-df15-4928-ae10-515a1ea96aae,d5335b5e-df15-4928-ae10-515a1ea96aae.txt,pending,silver_labels/pending_assignment/d5335b5e-df15-4928-ae10-515a1ea96aae/labels.json,pending,4437103e3b7cb6dfeb4653ad0fea9d4b526748c8b44f53216127b84670fea9e1
d6470dcf-1876-4c83-ad99-a9594128366d,d6470dcf-1876-4c83-ad99-a9594128366d,d6470dcf-1876-4c83-ad99-a9594128366d.txt,pending,silver_labels/pending_assignment/d6470dcf-1876-4c83-ad99-a9594128366d/labels.json,pending,b9ab80c0847ee1d135731b69832ae6bb36ed7e8a1b533972aaa02cd9428a65ed
d653d9fa-abbe-45f9-a6d3-e7200510cac8,d653d9fa-abbe-45f9-a6d3-e7200510cac8,d653d9fa-abbe-45f9-a6d3-e7200510cac8.txt,pending,silver_labels/pending_assignment/d653d9fa-abbe-45f9-a6d3-e7200510cac8/labels.json,pending,f815096b0fe4ad7b0f3febcec3a0bcc37b5fe0a8faba8c431106300e3fc6f20b
d7550f6d-b4cb-4174-bf34-2bad900a2573,d7550f6d-b4cb-4174-bf34-2bad900a2573,d7550f6d-b4cb-4174-bf34-2bad900a2573.txt,pending,silver_labels/pending_assignment/d7550f6d-b4cb-4174-bf34-2bad900a2573/labels.json,pending,e2268a2f284976dbea105ab9f3936b7d8249cc92829f452661304ffac85b7d6e
d75d6a91-d2af-46a5-9662-3fd1c25098f2,d75d6a91-d2af-46a5-9662-3fd1c25098f2,d75d6a91-d2af-46a5-9662-3fd1c25098f2.txt,pending,silver_labels/pending_assignment/d75d6a91-d2af-46a5-9662-3fd1c25098f2/labels.json,pending,12b0f5b25514d82dc55865e5ddc06d29315dd215efb9eb6cdbcb8700c987cbd5
d7f76bb3-29d2-4d4e-a766-350f420b9c7d,d7f76bb3-29d2-4d4e-a766-350f420b9c7d,d7f76bb3-29d2-4d4e-a766-350f420b9c7d.txt,pending,silver_labels/pending_assignment/d7f76bb3-29d2-4d4e-a766-350f420b9c7d/labels.json,pending,97f6b9d2dca26d3f988c07a490ec5fdf3efb93a83b68a7e049f3710468d60ebf
d838bf8f-c9c3-4524-b126-68d4da70eb1b,d838bf8f-c9c3-4524-b126-68d4da70eb1b,d838bf8f-c9c3-4524-b126-68d4da70eb1b.txt,pending,silver_labels/pending_assignment/d838bf8f-c9c3-4524-b126-68d4da70eb1b/labels.json,pending,ac517212e60fe8d9cf6315bf796fb0e89aa5d27b10e3b618ed174ebaac1cb8c3
d86d16d8-026a-400f-9fc5-b98c56f848a6,d86d16d8-026a-400f-9fc5-b98c56f848a6,d86d16d8-026a-400f-9fc5-b98c56f848a6.txt,pending,silver_labels/pending_assignment/d86d16d8-026a-400f-9fc5-b98c56f848a6/labels.json,pending,b275326427717b9b20212d297ebd595169482c07310514f33e9a2ff2e67e99b4
d90ac905-0712-4970-8c44-ad3dc31a6556,d90ac905-0712-4970-8c44-ad3dc31a6556,d90ac905-0712-4970-8c44-ad3dc31a6556.txt,pending,silver_labels/pending_assignment/d90ac905-0712-4970-8c44-ad3dc31a6556/labels.json,pending,d2bad6ba74021e4d31dfd084976f72e1ee04151038d44544f41f38e5bddc7ec2
d9266679-7d71-43d0-ab1a-3293b589569e,d9266679-7d71-43d0-ab1a-3293b589569e,d9266679-7d71-43d0-ab1a-3293b589569e.txt,pending,silver_labels/pending_assignment/d9266679-7d71-43d0-ab1a-3293b589569e/labels.json,pending,3439576ad05015aa541ee1771723fca9a3dbbe11bd0c5f5aea7c65e33ae3c95d
d92f6f54-ebb5-42ec-826e-a0916c2a8812,d92f6f54-ebb5-42ec-826e-a0916c2a8812,d92f6f54-ebb5-42ec-826e-a0916c2a8812.txt,pending,silver_labels/pending_assignment/d92f6f54-ebb5-42ec-826e-a0916c2a8812/labels.json,pending,8d9182c81fc7f2b3dc6d6ea0cc65d4fa0e55d843a4c0b6822e8907b4e43aae7e
d95fdfd5-0e62-4f15-ae81-761f42b60a30,d95fdfd5-0e62-4f15-ae81-761f42b60a30,d95fdfd5-0e62-4f15-ae81-761f42b60a30.txt,pending,silver_labels/pending_assignment/d95fdfd5-0e62-4f15-ae81-761f42b60a30/labels.json,pending,ac584dd6604f1a855fa48d76a8b6d27150c34c9d455072b1d2bbcdf96164328d
d9e1f5a5-e4eb-43df-910b-d9ae2befb039,d9e1f5a5-e4eb-43df-910b-d9ae2befb039,d9e1f5a5-e4eb-43df-910b-d9ae2befb039.txt,pending,silver_labels/pending_assignment/d9e1f5a5-e4eb-43df-910b-d9ae2befb039/labels.json,pending,87d6eec58b1b1d2bcfa027ae3d891256b7c755378f68d91fae61fe85ab43a2ba
db7337ea-fda0-4fa5-bb7c-bb12297a6f9a,db7337ea-fda0-4fa5-bb7c-bb12297a6f9a,db7337ea-fda0-4fa5-bb7c-bb12297a6f9a.txt,pending,silver_labels/pending_assignment/db7337ea-fda0-4fa5-bb7c-bb12297a6f9a/labels.json,pending,2f3ab9f23d550d85edf0c7d546a5d30611b1a2452925550b72f8539a3beab8f2
db73acf1-9a4d-405e-8b7d-fa44529f1e81,db73acf1-9a4d-405e-8b7d-fa44529f1e81,db73acf1-9a4d-405e-8b7d-fa44529f1e81.txt,pending,silver_labels/pending_assignment/db73acf1-9a4d-405e-8b7d-fa44529f1e81/labels.json,pending,2ceca9b451b1b07602766b83cefa04406c7f2dc92c565f5f8982bc7969932fb1
dbab57c7-0154-4191-be76-5d7f60a0618e,dbab57c7-0154-4191-be76-5d7f60a0618e,dbab57c7-0154-4191-be76-5d7f60a0618e.txt,pending,silver_labels/pending_assignment/dbab57c7-0154-4191-be76-5d7f60a0618e/labels.json,pending,3d9c70c42af7a9f12c0aef299d42e18e629c5cb9d0cee778a37dd0039689114f
dbb31557-4fe6-4ecf-be92-1d3ebd22e86d,dbb31557-4fe6-4ecf-be92-1d3ebd22e86d,dbb31557-4fe6-4ecf-be92-1d3ebd22e86d.txt,pending,silver_labels/pending_assignment/dbb31557-4fe6-4ecf-be92-1d3ebd22e86d/labels.json,pending,0e6bbee9f5d1f5d6e2f28d727fa97bb8a1c6978bee82a1a9beb44f01829d8787
dc3d0ae4-8d20-4d1d-8e0c-82c85a79b26e,dc3d0ae4-8d20-4d1d-8e0c-82c85a79b26e,dc3d0ae4-8d20-4d1d-8e0c-82c85a79b26e.txt,pending,silver_labels/pending_assignment/dc3d0ae4-8d20-4d1d-8e0c-82c85a79b26e/labels.json,pending,211d441dec690a0c23589a645fe105839db818ed68c1bb6e15cabd911c3f2a61
dc7283c5-28bf-4aaa-950b-de4ba9e1d18a,dc7283c5-28bf-4aaa-950b-de4ba9e1d18a,dc7283c5-28bf-4aaa-950b-de4ba9e1d18a.txt,pending,silver_labels/pending_assignment/dc7283c5-28bf-4aaa-950b-de4ba9e1d18a/labels.json,pending,9c9480edc06c486e54180e9cf180a84d109adbb45d05061951e17f6d450d45fb
dc97a67e-9167-41c4-b7d2-79d6547b0e72,dc97a67e-9167-41c4-b7d2-79d6547b0e72,dc97a67e-9167-41c4-b7d2-79d6547b0e72.txt,pending,silver_labels/pending_assignment/dc97a67e-9167-41c4-b7d2-79d6547b0e72/labels.json,pending,124450c1642b2bcb60e3e65cbca8a9d908ae4f7ef6a5235c5d1384bb988312b3
dcf1796f-bec3-4ed8-a124-155042e8e214,dcf1796f-bec3-4ed8-a124-155042e8e214,dcf1796f-bec3-4ed8-a124-155042e8e214.txt,pending,silver_labels/pending_assignment/dcf1796f-bec3-4ed8-a124-155042e8e214/labels.json,pending,3270cde82e1f6a4a9f7c15f06b2886486cd63128e4992769351855c942998cf5
ddbd8c9d-1dc5-45ae-b8e4-7a5d1e266748,ddbd8c9d-1dc5-45ae-b8e4-7a5d1e266748,ddbd8c9d-1dc5-45ae-b8e4-7a5d1e266748.txt,pending,silver_labels/pending_assignment/ddbd8c9d-1dc5-45ae-b8e4-7a5d1e266748/labels.json,pending,d5470d7eb203576274cfc01d1952ae43036072d0d9a8fb0b3ffd7d145717b1e4
debcfb81-d883-4fb5-8c4c-cc98468c96db,debcfb81-d883-4fb5-8c4c-cc98468c96db,debcfb81-d883-4fb5-8c4c-cc98468c96db.txt,pending,silver_labels/pending_assignment/debcfb81-d883-4fb5-8c4c-cc98468c96db/labels.json,pending,f1d3b79fe75340cd525d2170f6bd24db309c95155305dad396ee474a71bf1b37
dee6cc80-0663-4306-9d62-6d06e4c1ed92,dee6cc80-0663-4306-9d62-6d06e4c1ed92,dee6cc80-0663-4306-9d62-6d06e4c1ed92.txt,pending,silver_labels/pending_assignment/dee6cc80-0663-4306-9d62-6d06e4c1ed92/labels.json,pending,b1a68b3869991a6fef701d776ca1bad90f8a7ae8a5102210b5fce7a7a6c5a887
def3abdb-eb20-473a-8d39-592b99d4bda6,def3abdb-eb20-473a-8d39-592b99d4bda6,def3abdb-eb20-473a-8d39-592b99d4bda6.txt,pending,silver_labels/pending_assignment/def3abdb-eb20-473a-8d39-592b99d4bda6/labels.json,pending,b8f4b10ae9d5b233126c64891e078413c273e7a4e7b35ca395d1816bacc3535b
e05d18de-3789-4acf-bb5b-68453bc2bb5c,e05d18de-3789-4acf-bb5b-68453bc2bb5c,e05d18de-3789-4acf-bb5b-68453bc2bb5c.txt,pending,silver_labels/pending_assignment/e05d18de-3789-4acf-bb5b-68453bc2bb5c/labels.json,pending,1e7dd5e336abc05425e074d64be20f3d80dd60a154d438f1951fe2f870d3e4ca
e09c3331-734e-4205-ab98-5f71cf3fce3e,e09c3331-734e-4205-ab98-5f71cf3fce3e,e09c3331-734e-4205-ab98-5f71cf3fce3e.txt,pending,silver_labels/pending_assignment/e09c3331-734e-4205-ab98-5f71cf3fce3e/labels.json,pending,7070de1470da9f264a6a1146d42a675178029031fadeb495b3672a5b9e61eb1d
e0fef00d-2ae2-4c21-8205-8753fc580ec1,e0fef00d-2ae2-4c21-8205-8753fc580ec1,e0fef00d-2ae2-4c21-8205-8753fc580ec1.txt,pending,silver_labels/pending_assignment/e0fef00d-2ae2-4c21-8205-8753fc580ec1/labels.json,pending,e4a84baf78fd8109793936ffa767abff7840176efd4cb56f56a5026df547ce1b
e16062ab-1123-4127-8711-48bed3469446,e16062ab-1123-4127-8711-48bed3469446,e16062ab-1123-4127-8711-48bed3469446.txt,pending,silver_labels/pending_assignment/e16062ab-1123-4127-8711-48bed3469446/labels.json,pending,3ee57b91c4b32a9c34dc3f5ce2e4997cdf0ec00f9ecfc593ee31302fb2f21f07
e2238c08-0e10-4265-9f18-d3b387fa4056,e2238c08-0e10-4265-9f18-d3b387fa4056,e2238c08-0e10-4265-9f18-d3b387fa4056.txt,pending,silver_labels/pending_assignment/e2238c08-0e10-4265-9f18-d3b387fa4056/labels.json,pending,981152ac860c7601c2d03a1c1374cdd2b81ed234f7ef4ebe98f4c89c73d1542b
e22693b2-bae1-4ecd-a723-0250955cc945,e22693b2-bae1-4ecd-a723-0250955cc945,e22693b2-bae1-4ecd-a723-0250955cc945.txt,pending,silver_labels/pending_assignment/e22693b2-bae1-4ecd-a723-0250955cc945/labels.json,pending,229b559f43a577533d2f9a14da30a64457e398ec63432687ecab4f3acbd46058
e2625bba-6a92-41db-80d9-699b9d7329d1,e2625bba-6a92-41db-80d9-699b9d7329d1,e2625bba-6a92-41db-80d9-699b9d7329d1.txt,pending,silver_labels/pending_assignment/e2625bba-6a92-41db-80d9-699b9d7329d1/labels.json,pending,b4f863113aefaeef2c66c96ea74fcc8036cd05c4cb1165bd01bf1d6e4e728b8a
e27e9207-0ab9-4e6a-9aa7-d57ca52d683c,e27e9207-0ab9-4e6a-9aa7-d57ca52d683c,e27e9207-0ab9-4e6a-9aa7-d57ca52d683c.txt,pending,silver_labels/pending_assignment/e27e9207-0ab9-4e6a-9aa7-d57ca52d683c/labels.json,pending,dfa7a500283c2eaca1bb30be968c4650a88b0e80eee5a1f49a102e39ab2db104
e2a8df83-6b26-45f0-8d4a-174233968970,e2a8df83-6b26-45f0-8d4a-174233968970,e2a8df83-6b26-45f0-8d4a-174233968970.txt,pending,silver_labels/pending_assignment/e2a8df83-6b26-45f0-8d4a-174233968970/labels.json,pending,bc22c7029b3829b713e016c10669d8a4b0ce3c52d82da3dde214447acd7f05f5
e3d51608-a157-4a40-bdc2-ebe228d34597,e3d51608-a157-4a40-bdc2-ebe228d34597,e3d51608-a157-4a40-bdc2-ebe228d34597.txt,pending,silver_labels/pending_assignment/e3d51608-a157-4a40-bdc2-ebe228d34597/labels.json,pending,f4268e208f79e77dffd6677ff50bbee6d616b80b7933b0d476cf7458220adda3
e3f0d38b-da8c-4727-b383-d48576385585,e3f0d38b-da8c-4727-b383-d48576385585,e3f0d38b-da8c-4727-b383-d48576385585.txt,pending,silver_labels/pending_assignment/e3f0d38b-da8c-4727-b383-d48576385585/labels.json,pending,1fa28cccf16ed9c51712a2c2fc438ff84ac2f36283194283d9d116592d421504
e490619a-c43d-442b-b9ec-05cfa8627e23,e490619a-c43d-442b-b9ec-05cfa8627e23,e490619a-c43d-442b-b9ec-05cfa8627e23.txt,pending,silver_labels/pending_assignment/e490619a-c43d-442b-b9ec-05cfa8627e23/labels.json,pending,61279c357e8f1bb2df14f77ec4d8d310652b94c3e3007b7297bc8c8f25ba982e
e5501c94-8b1d-4a14-b2ad-d21cb173b87d,e5501c94-8b1d-4a14-b2ad-d21cb173b87d,e5501c94-8b1d-4a14-b2ad-d21cb173b87d.txt,pending,silver_labels/pending_assignment/e5501c94-8b1d-4a14-b2ad-d21cb173b87d/labels.json,pending,ac6ff1b1df5b83b09d6f2296c721ff0a8e976e2420d981e747b0ea816ce5425d
e55c5691-3c46-4090-a4f2-1444f7ee698c,e55c5691-3c46-4090-a4f2-1444f7ee698c,e55c5691-3c46-4090-a4f2-1444f7ee698c.txt,pending,silver_labels/pending_assignment/e55c5691-3c46-4090-a4f2-1444f7ee698c/labels.json,pending,8d63ad86f4fc760bb2381645f621cbacb9556cfdd739731a804f9d18b22aa016
e696f6a9-e127-4c9b-a47d-541aa078e5e0,e696f6a9-e127-4c9b-a47d-541aa078e5e0,e696f6a9-e127-4c9b-a47d-541aa078e5e0.txt,pending,silver_labels/pending_assignment/e696f6a9-e127-4c9b-a47d-541aa078e5e0/labels.json,pending,0504f3d663bebebdca95378e8f69807847e379a011ce5a595bfae7fd2c593d20
e69a9b9c-e450-420b-9d38-f805b46b8e46,e69a9b9c-e450-420b-9d38-f805b46b8e46,e69a9b9c-e450-420b-9d38-f805b46b8e46.txt,pending,silver_labels/pending_assignment/e69a9b9c-e450-420b-9d38-f805b46b8e46/labels.json,pending,f54d66b08038793e99cce2d58f152b82b8cb9809943f6daa65b0784bc1ae917b
e6ff4cfd-d3e1-464f-964c-e610fea7015a,e6ff4cfd-d3e1-464f-964c-e610fea7015a,e6ff4cfd-d3e1-464f-964c-e610fea7015a.txt,pending,silver_labels/pending_assignment/e6ff4cfd-d3e1-464f-964c-e610fea7015a/labels.json,pending,ca93f350c3775b869aaf0e268872fea7f7e0c3e66e571d18ff66e3a01f11e44d
e74cebc3-d1cb-4c6b-b7c1-0846526fbed3,e74cebc3-d1cb-4c6b-b7c1-0846526fbed3,e74cebc3-d1cb-4c6b-b7c1-0846526fbed3.txt,pending,silver_labels/pending_assignment/e74cebc3-d1cb-4c6b-b7c1-0846526fbed3/labels.json,pending,8a007c397f2154d3534b2b07be0c7b4fa83663063e96f2de8353355dc1b820ae
e9464b3b-e043-4e28-9186-18b70d7a3699,e9464b3b-e043-4e28-9186-18b70d7a3699,e9464b3b-e043-4e28-9186-18b70d7a3699.txt,pending,silver_labels/pending_assignment/e9464b3b-e043-4e28-9186-18b70d7a3699/labels.json,pending,37a81a034ddc0bf11563a7e9cc456b5c4e32531c70b3f8998d77c17b9e4301cd
e980a9fc-0575-48b3-8fd5-4dec655ff479,e980a9fc-0575-48b3-8fd5-4dec655ff479,e980a9fc-0575-48b3-8fd5-4dec655ff479.txt,pending,silver_labels/pending_assignment/e980a9fc-0575-48b3-8fd5-4dec655ff479/labels.json,pending,032d6ec7d93791b4dea98bfd42a1d920d1070575cd48b66e3e1d7cb01058e223
e9f32e0a-d881-4ba4-ab6e-2c68b6851ef3,e9f32e0a-d881-4ba4-ab6e-2c68b6851ef3,e9f32e0a-d881-4ba4-ab6e-2c68b6851ef3.txt,pending,silver_labels/pending_assignment/e9f32e0a-d881-4ba4-ab6e-2c68b6851ef3/labels.json,pending,68397eeb180dd988afddf5589e6c064106b8753eb076dbaaf98826c4f5dcd0d0
ea02d362-3f68-4be0-868a-19705af2cced,ea02d362-3f68-4be0-868a-19705af2cced,ea02d362-3f68-4be0-868a-19705af2cced.txt,pending,silver_labels/pending_assignment/ea02d362-3f68-4be0-868a-19705af2cced/labels.json,pending,2cc21b13e66c77deaf677af818e080e0ff10201e3b3ec33e31939ad60b29fdd1
ea2e7bd7-cd72-4270-b179-63258b4a07f6,ea2e7bd7-cd72-4270-b179-63258b4a07f6,ea2e7bd7-cd72-4270-b179-63258b4a07f6.txt,pending,silver_labels/pending_assignment/ea2e7bd7-cd72-4270-b179-63258b4a07f6/labels.json,pending,9ce1223bbe9daef8dc6b73a07770dee5314f9e914691f742438c5ddf5462337c
ead2e5ec-472b-4902-85ab-564b0636572f,ead2e5ec-472b-4902-85ab-564b0636572f,ead2e5ec-472b-4902-85ab-564b0636572f.txt,pending,silver_labels/pending_assignment/ead2e5ec-472b-4902-85ab-564b0636572f/labels.json,pending,51e75de286d5ba1c7093e428f9de964f65f6bce1aaf3691e2ab29e812c87c059
ec202fef-184e-4931-9a2a-69ae6b017b0c,ec202fef-184e-4931-9a2a-69ae6b017b0c,ec202fef-184e-4931-9a2a-69ae6b017b0c.txt,pending,silver_labels/pending_assignment/ec202fef-184e-4931-9a2a-69ae6b017b0c/labels.json,pending,acda8576661b9f0027caca053c9143f80e0219f2d15e0eff5ef0bb2b83e98f61
ec397cba-60f5-4bc5-ab02-73a2aaa17029,ec397cba-60f5-4bc5-ab02-73a2aaa17029,ec397cba-60f5-4bc5-ab02-73a2aaa17029.txt,pending,silver_labels/pending_assignment/ec397cba-60f5-4bc5-ab02-73a2aaa17029/labels.json,pending,2b431b00e79a1e254daec1cd8154468615379eae91e2f92653299513498b0d79
ed0348dd-f913-4238-89bc-0c63c71892cb,ed0348dd-f913-4238-89bc-0c63c71892cb,ed0348dd-f913-4238-89bc-0c63c71892cb.txt,pending,silver_labels/pending_assignment/ed0348dd-f913-4238-89bc-0c63c71892cb/labels.json,pending,f8e9c869df6eaeebeac3c8832ba105cd6a1c031e7f313cf3c7473c585a2aadfa
ed08b729-0077-4822-9fef-a6c943ad4a71,ed08b729-0077-4822-9fef-a6c943ad4a71,ed08b729-0077-4822-9fef-a6c943ad4a71.txt,pending,silver_labels/pending_assignment/ed08b729-0077-4822-9fef-a6c943ad4a71/labels.json,pending,e21e8c0042fffeff9565082dc1d9b6cd554df3ff21b8b18eedc09d677f42905a
ed93be06-c8a0-4792-bf08-bf09d3272c99,ed93be06-c8a0-4792-bf08-bf09d3272c99,ed93be06-c8a0-4792-bf08-bf09d3272c99.txt,pending,silver_labels/pending_assignment/ed93be06-c8a0-4792-bf08-bf09d3272c99/labels.json,pending,750b24b591b1b274ce4a5b34854bf979a230f309dabebf7478d124382fc056de
edc258f2-820a-4ed7-8df9-e9868f514328,edc258f2-820a-4ed7-8df9-e9868f514328,edc258f2-820a-4ed7-8df9-e9868f514328.txt,pending,silver_labels/pending_assignment/edc258f2-820a-4ed7-8df9-e9868f514328/labels.json,pending,ba63c99f7d6754746377d25cd7408169458b231c815bee64a9349119e0b08fc9
ee2f1b3e-81c5-416f-82a2-26d4fcd00198,ee2f1b3e-81c5-416f-82a2-26d4fcd00198,ee2f1b3e-81c5-416f-82a2-26d4fcd00198.txt,pending,silver_labels/pending_assignment/ee2f1b3e-81c5-416f-82a2-26d4fcd00198/labels.json,pending,24d75da8b4de4beb14151c21cd2458f08e44e15d60950e9b23ec6dfc7e771c20
ee46e110-4a40-4fcd-ac56-467c1f8f1c97,ee46e110-4a40-4fcd-ac56-467c1f8f1c97,ee46e110-4a40-4fcd-ac56-467c1f8f1c97.txt,pending,silver_labels/pending_assignment/ee46e110-4a40-4fcd-ac56-467c1f8f1c97/labels.json,pending,9bf8eb7918fd2f243e0e279a189ad298d0e0922bba8874673a0a8109159152ef
eed245eb-8212-451f-bf06-320da3153b75,eed245eb-8212-451f-bf06-320da3153b75,eed245eb-8212-451f-bf06-320da3153b75.txt,pending,silver_labels/pending_assignment/eed245eb-8212-451f-bf06-320da3153b75/labels.json,pending,cf2e5f4b01ee348ef5dba3712f02664e05c0c4f6b1b9320ac90b8c9eed79c080
ef28af68-e08c-45ff-9f3b-2718007de34a,ef28af68-e08c-45ff-9f3b-2718007de34a,ef28af68-e08c-45ff-9f3b-2718007de34a.txt,pending,silver_labels/pending_assignment/ef28af68-e08c-45ff-9f3b-2718007de34a/labels.json,pending,7740b6a9f6f4fbb1714e2e83f54130570899a568b0ed5a173fabb0764e46eb2f
ef2f7d4f-8e11-4f25-9139-713a5436fa24,ef2f7d4f-8e11-4f25-9139-713a5436fa24,ef2f7d4f-8e11-4f25-9139-713a5436fa24.txt,pending,silver_labels/pending_assignment/ef2f7d4f-8e11-4f25-9139-713a5436fa24/labels.json,pending,dc1c74589cac273fe74eb5c5eec75e29bd1589dd3c5a36c3d3316d0aa2a53c3f
ef7ccfba-6aef-410d-87ce-2b2d85b417c4,ef7ccfba-6aef-410d-87ce-2b2d85b417c4,ef7ccfba-6aef-410d-87ce-2b2d85b417c4.txt,pending,silver_labels/pending_assignment/ef7ccfba-6aef-410d-87ce-2b2d85b417c4/labels.json,pending,cfb64dd29a6f4a3178dde4d9ff5337d198cf98e9096e755191b2bc1bbc2ca6d0
f02308a7-69f8-4579-93c1-3d3ff1adb00c,f02308a7-69f8-4579-93c1-3d3ff1adb00c,f02308a7-69f8-4579-93c1-3d3ff1adb00c.txt,pending,silver_labels/pending_assignment/f02308a7-69f8-4579-93c1-3d3ff1adb00c/labels.json,pending,dfd5013c0f668ea5110f1e07007a5967c2e243b692967d481d9de810e7af4e9f
f06dff79-14a4-4e28-a6fa-875acf5ce974,f06dff79-14a4-4e28-a6fa-875acf5ce974,f06dff79-14a4-4e28-a6fa-875acf5ce974.txt,pending,silver_labels/pending_assignment/f06dff79-14a4-4e28-a6fa-875acf5ce974/labels.json,pending,a391e4da7490608a1337dcd4bbd4dbf2a474e1ae93dae24a35726966ae4e953b
f0bd9824-3a1c-44f2-994d-6fd92c8e8e67,f0bd9824-3a1c-44f2-994d-6fd92c8e8e67,f0bd9824-3a1c-44f2-994d-6fd92c8e8e67.txt,pending,silver_labels/pending_assignment/f0bd9824-3a1c-44f2-994d-6fd92c8e8e67/labels.json,pending,792eb615d1c7a6c06e241ebbc9660f869fef693e1c086181a34b5ba7657eaba8
f19c935c-c14d-45e3-8877-cbaad8843bac,f19c935c-c14d-45e3-8877-cbaad8843bac,f19c935c-c14d-45e3-8877-cbaad8843bac.txt,pending,silver_labels/pending_assignment/f19c935c-c14d-45e3-8877-cbaad8843bac/labels.json,pending,8a3c11e3ab19fe3e66e594fbcb466f3e7db9dd6dbbe6f984f3745b3ce05e4937
f1a81b38-3d6e-48ac-9ae4-b219227d62e9,f1a81b38-3d6e-48ac-9ae4-b219227d62e9,f1a81b38-3d6e-48ac-9ae4-b219227d62e9.txt,pending,silver_labels/pending_assignment/f1a81b38-3d6e-48ac-9ae4-b219227d62e9/labels.json,pending,aed3f1afbba0d7e565b9718952e0eda17040f53cda0d8b91a9edbe3fb9b5adab
f306b427-2bc5-4641-afd7-34982399fc52,f306b427-2bc5-4641-afd7-34982399fc52,f306b427-2bc5-4641-afd7-34982399fc52.txt,pending,silver_labels/pending_assignment/f306b427-2bc5-4641-afd7-34982399fc52/labels.json,pending,24485cb8992783e592e56491885310d9c3614cabf5bcac231d22debe9d9815f5
f30fb5e1-9bf8-462f-8c8b-fbfd849f10da,f30fb5e1-9bf8-462f-8c8b-fbfd849f10da,f30fb5e1-9bf8-462f-8c8b-fbfd849f10da.txt,pending,silver_labels/pending_assignment/f30fb5e1-9bf8-462f-8c8b-fbfd849f10da/labels.json,pending,be3c19544715f1d1aa04c74af958bd71f6fd35287274759004b37263e741524a
f3d1c0cc-b7be-4165-ac07-c71f6b2fc93a,f3d1c0cc-b7be-4165-ac07-c71f6b2fc93a,f3d1c0cc-b7be-4165-ac07-c71f6b2fc93a.txt,pending,silver_labels/pending_assignment/f3d1c0cc-b7be-4165-ac07-c71f6b2fc93a/labels.json,pending,24742078c1698e266ce46d4924c52185073f5288e3965ac10a5ff0628058f140
f3eacb84-c7fb-40b8-af8b-4661d9d62a91,f3eacb84-c7fb-40b8-af8b-4661d9d62a91,f3eacb84-c7fb-40b8-af8b-4661d9d62a91.txt,pending,silver_labels/pending_assignment/f3eacb84-c7fb-40b8-af8b-4661d9d62a91/labels.json,pending,750429233fc885171235394ce647a28b466949f87e90c0b4258c753eb5d2ce64
f464c9f4-d6a5-44f0-af8a-71f12dd652bf,f464c9f4-d6a5-44f0-af8a-71f12dd652bf,f464c9f4-d6a5-44f0-af8a-71f12dd652bf.txt,pending,silver_labels/pending_assignment/f464c9f4-d6a5-44f0-af8a-71f12dd652bf/labels.json,pending,52175c10ad433f260f954dbe9430d9d2ec5f9566f8ca23e2157cb46acb89e6a7
f4898809-b967-41e6-b40f-974e94a6afb5,f4898809-b967-41e6-b40f-974e94a6afb5,f4898809-b967-41e6-b40f-974e94a6afb5.txt,pending,silver_labels/pending_assignment/f4898809-b967-41e6-b40f-974e94a6afb5/labels.json,pending,f88cfed592bf85a5c3af084654aafa4ff1bd2686ee8b48e2859e93d1280cd33e
f5938da0-5a91-4f48-9277-f6a01e20be71,f5938da0-5a91-4f48-9277-f6a01e20be71,f5938da0-5a91-4f48-9277-f6a01e20be71.txt,pending,silver_labels/pending_assignment/f5938da0-5a91-4f48-9277-f6a01e20be71/labels.json,pending,6491eab64707353658bc64bdc09e41d33ebe9bb9f2cdda552c9c7a0892c8800c
f5ced37a-1596-4e77-ab1d-dae5e084384d,f5ced37a-1596-4e77-ab1d-dae5e084384d,f5ced37a-1596-4e77-ab1d-dae5e084384d.txt,pending,silver_labels/pending_assignment/f5ced37a-1596-4e77-ab1d-dae5e084384d/labels.json,pending,9caaee1a9eb9c027ff1addbbf1fb9233055e0cc9c6f0a5121050f9d2e42cb81b
f60a6f13-f859-4423-9259-fc14b76ee36e,f60a6f13-f859-4423-9259-fc14b76ee36e,f60a6f13-f859-4423-9259-fc14b76ee36e.txt,pending,silver_labels/pending_assignment/f60a6f13-f859-4423-9259-fc14b76ee36e/labels.json,pending,b03faa882a8de2d842cf8961eb6ef6d4374b29883b48b2bd29caa8c1bc7820da
f63a30a5-effc-43eb-a257-0029f48746ce,f63a30a5-effc-43eb-a257-0029f48746ce,f63a30a5-effc-43eb-a257-0029f48746ce.txt,pending,silver_labels/pending_assignment/f63a30a5-effc-43eb-a257-0029f48746ce/labels.json,pending,14ff007d740bd9596e9ca73e82afb1cc0c211363a60555dea8eb0b4800273c6c
f7c8a6ae-6952-40e6-a0cf-5235594c6612,f7c8a6ae-6952-40e6-a0cf-5235594c6612,f7c8a6ae-6952-40e6-a0cf-5235594c6612.txt,pending,silver_labels/pending_assignment/f7c8a6ae-6952-40e6-a0cf-5235594c6612/labels.json,pending,43e3b6a4e32eaf6a9fbe07252fa82d98a52e87a3a56d852eee442f74d802a800
f7d7f6ce-ff6e-4c5e-87dc-949399e0573b,f7d7f6ce-ff6e-4c5e-87dc-949399e0573b,f7d7f6ce-ff6e-4c5e-87dc-949399e0573b.txt,pending,silver_labels/pending_assignment/f7d7f6ce-ff6e-4c5e-87dc-949399e0573b/labels.json,pending,d21580e84ec95d76c2763a44e86ed49765e791f4c8eae17a8b6082a530840863
f7fd5d51-95a8-4a62-a354-0d9f13e8bafe,f7fd5d51-95a8-4a62-a354-0d9f13e8bafe,f7fd5d51-95a8-4a62-a354-0d9f13e8bafe.txt,pending,silver_labels/pending_assignment/f7fd5d51-95a8-4a62-a354-0d9f13e8bafe/labels.json,pending,5e73598be787e241f5238288470c5ac1a550e10f7ded3380ada54912b64143a8
f81a3aa9-3cb3-4df0-ba18-9b1f6f19e5ba,f81a3aa9-3cb3-4df0-ba18-9b1f6f19e5ba,f81a3aa9-3cb3-4df0-ba18-9b1f6f19e5ba.txt,pending,silver_labels/pending_assignment/f81a3aa9-3cb3-4df0-ba18-9b1f6f19e5ba/labels.json,pending,7668e8f0be090195e5148d1bbffd6485d8bfdbe6ca5c11277ef3a8b3ba701307
f87e9fec-1914-4d95-8dac-fbc6fb79e5c2,f87e9fec-1914-4d95-8dac-fbc6fb79e5c2,f87e9fec-1914-4d95-8dac-fbc6fb79e5c2.txt,pending,silver_labels/pending_assignment/f87e9fec-1914-4d95-8dac-fbc6fb79e5c2/labels.json,pending,aece333783e5c09e9d1a3a9bc1624da39f1bf9681603df2cf5f42280b61d95c3
f8ee642b-46d2-4878-ad70-f03a3596ed58,f8ee642b-46d2-4878-ad70-f03a3596ed58,f8ee642b-46d2-4878-ad70-f03a3596ed58.txt,pending,silver_labels/pending_assignment/f8ee642b-46d2-4878-ad70-f03a3596ed58/labels.json,pending,b23aed71cd6af9a18bed26c661647586a255bc6f4933bf9e69942bc67136787a
f8f51c6f-69de-413f-90c2-d76d002c5512,f8f51c6f-69de-413f-90c2-d76d002c5512,f8f51c6f-69de-413f-90c2-d76d002c5512.txt,pending,silver_labels/pending_assignment/f8f51c6f-69de-413f-90c2-d76d002c5512/labels.json,pending,316791ddf881f8b3876c11b9ed0ed8beebd1e9bc598eca00e09dab268c38509e
f95009b1-6e27-46f9-bf78-bcef2b36762a,f95009b1-6e27-46f9-bf78-bcef2b36762a,f95009b1-6e27-46f9-bf78-bcef2b36762a.txt,pending,silver_labels/pending_assignment/f95009b1-6e27-46f9-bf78-bcef2b36762a/labels.json,pending,089f7574d31df9dcd1723f20415c65fb5932993ec4fa10c5e78f56317528de99
fbfd0f89-900a-4dc8-aa20-1dba94b19ceb,fbfd0f89-900a-4dc8-aa20-1dba94b19ceb,fbfd0f89-900a-4dc8-aa20-1dba94b19ceb.txt,pending,silver_labels/pending_assignment/fbfd0f89-900a-4dc8-aa20-1dba94b19ceb/labels.json,pending,59532a5ebfb837ae69e01945a0773ff1a5a878e5e22ddc6ce957b8b74a4d06e6
fc70af18-cb2f-4cb6-a7a0-7a6809511e3f,fc70af18-cb2f-4cb6-a7a0-7a6809511e3f,fc70af18-cb2f-4cb6-a7a0-7a6809511e3f.txt,pending,silver_labels/pending_assignment/fc70af18-cb2f-4cb6-a7a0-7a6809511e3f/labels.json,pending,3db58646a1c0daab8b9f2afd337ce8a42ca16ea6b14fd0f209133f5bf98399e0
fcb7689a-5614-475c-9ea8-493fbe045499,fcb7689a-5614-475c-9ea8-493fbe045499,fcb7689a-5614-475c-9ea8-493fbe045499.txt,pending,silver_labels/pending_assignment/fcb7689a-5614-475c-9ea8-493fbe045499/labels.json,pending,da5d55dc553e42cda866a76b29b3cca21d8a120216a0ad79d00e0b743c17503d
fcdd8b20-100e-42a9-b790-ddd606f6bbe4,fcdd8b20-100e-42a9-b790-ddd606f6bbe4,fcdd8b20-100e-42a9-b790-ddd606f6bbe4.txt,pending,silver_labels/pending_assignment/fcdd8b20-100e-42a9-b790-ddd606f6bbe4/labels.json,pending,97f0bb10396b97c862e8fb30813f4e31e458fabe125cb0efa16f4c3fd837e156
fce13627-0b42-435c-898c-235aa351b8fb,fce13627-0b42-435c-898c-235aa351b8fb,fce13627-0b42-435c-898c-235aa351b8fb.txt,pending,silver_labels/pending_assignment/fce13627-0b42-435c-898c-235aa351b8fb/labels.json,pending,fe040f28e6fc0462f0baa337fdf3f1b0f9b94ff398eb5f641c80c508e310e9d7
fd42065f-89ea-4675-861a-99c4a3c7c7ed,fd42065f-89ea-4675-861a-99c4a3c7c7ed,fd42065f-89ea-4675-861a-99c4a3c7c7ed.txt,pending,silver_labels/pending_assignment/fd42065f-89ea-4675-861a-99c4a3c7c7ed/labels.json,pending,d1ba5f5a85ec1cec2f75b17210e067454106a6811ef583c205b11174965dc5f8
fd4d237f-c3fa-4775-a89e-0c905df65137,fd4d237f-c3fa-4775-a89e-0c905df65137,fd4d237f-c3fa-4775-a89e-0c905df65137.txt,pending,silver_labels/pending_assignment/fd4d237f-c3fa-4775-a89e-0c905df65137/labels.json,pending,1c052301bdecfe271bff29a7654fc565cee9fb986326e415b014b45f00605ac6
fda796df-e400-4805-a998-525476364085,fda796df-e400-4805-a998-525476364085,fda796df-e400-4805-a998-525476364085.txt,pending,silver_labels/pending_assignment/fda796df-e400-4805-a998-525476364085/labels.json,pending,e2315154ebcf4b9c9d300cfcd175fe94875316e53508e530abad0ecccf8022d6
fe74802e-1034-4365-82f8-f9e7f4e5b0df,fe74802e-1034-4365-82f8-f9e7f4e5b0df,fe74802e-1034-4365-82f8-f9e7f4e5b0df.txt,pending,silver_labels/pending_assignment/fe74802e-1034-4365-82f8-f9e7f4e5b0df/labels.json,pending,e58a11a8578c9aa6f964fb856cfe192c5ef5dff5a9dec936a2b2d1bb7dba3fd4
fecde32e-398d-4978-8148-4e25cd7cb989,fecde32e-398d-4978-8148-4e25cd7cb989,fecde32e-398d-4978-8148-4e25cd7cb989.txt,pending,silver_labels/pending_assignment/fecde32e-398d-4978-8148-4e25cd7cb989/labels.json,pending,438155bd1751f74ea6ecfa0fb425f110f41e175ff8110bba27660090b472a854
fee395bd-3545-4921-8e35-73cb800877e1,fee395bd-3545-4921-8e35-73cb800877e1,fee395bd-3545-4921-8e35-73cb800877e1.txt,pending,silver_labels/pending_assignment/fee395bd-3545-4921-8e35-73cb800877e1/labels.json,pending,84ae3a544c85a8d943ea3343fb636a7fc14da7cac07f5cb32eb6ab4f1828cd2f
fef1df3d-3386-49e0-9f39-28c15f21ee10,fef1df3d-3386-49e0-9f39-28c15f21ee10,fef1df3d-3386-49e0-9f39-28c15f21ee10.txt,pending,silver_labels/pending_assignment/fef1df3d-3386-49e0-9f39-28c15f21ee10/labels.json,pending,bc993644a91f8bc6fd7641a2ea458054a10f812ca88f266ea039ee6c9ab6d7d3
ff3fb1e8-705c-4628-b48c-653a1b18bace,ff3fb1e8-705c-4628-b48c-653a1b18bace,ff3fb1e8-705c-4628-b48c-653a1b18bace.txt,pending,silver_labels/pending_assignment/ff3fb1e8-705c-4628-b48c-653a1b18bace/labels.json,pending,5f146f9fbf8f956c1bfc7aea84592e06141a718d998f124e505ba7368178d19e
ff620cc6-1f20-4a09-813b-b2736705c3fb,ff620cc6-1f20-4a09-813b-b2736705c3fb,ff620cc6-1f20-4a09-813b-b2736705c3fb.txt,pending,silver_labels/pending_assignment/ff620cc6-1f20-4a09-813b-b2736705c3fb/labels.json,pending,f1a49625b0adeee8475c32e80e7258878a08d0ad37780e4e965bc744b12b233d
ffbd5c0c-8449-48a4-bfb4-5eebb4dc6144,ffbd5c0c-8449-48a4-bfb4-5eebb4dc6144,ffbd5c0c-8449-48a4-bfb4-5eebb4dc6144.txt,pending,silver_labels/pending_assignment/ffbd5c0c-8449-48a4-bfb4-5eebb4dc6144/labels.json,pending,444f538b8a0540a40cc440324797087bba93b76110b843f8eb7a5ad67912af69
